age,checking_account_A11,checking_account_A12,checking_account_A13,checking_account_A14,credit_amount,credit_history_A30,credit_history_A31,credit_history_A32,credit_history_A33,credit_history_A34,duration,employment_since_A71,employment_since_A72,employment_since_A73,employment_since_A74,employment_since_A75,existing_credits,foreign_worker_A201,foreign_worker_A202,housing_A151,housing_A152,housing_A153,installment_rate,job_A171,job_A172,job_A173,job_A174,liable_people,other_debtors_A101,other_debtors_A102,other_debtors_A103,other_installment_plans_A141,other_installment_plans_A142,other_installment_plans_A143,property_A121,property_A122,property_A123,property_A124,purpose_A40,purpose_A41,purpose_A410,purpose_A42,purpose_A43,purpose_A44,purpose_A45,purpose_A46,purpose_A48,purpose_A49,residence_since,savings_account_A61,savings_account_A62,savings_account_A63,savings_account_A64,savings_account_A65,telephone_A191,telephone_A192
25,False,True,False,False,2631,False,False,True,False,False,15,False,False,True,False,False,1,True,False,False,True,False,3,False,True,False,False,1,True,False,False,False,False,True,True,False,False,False,False,False,False,False,False,False,True,False,False,False,2,False,True,False,False,False,True,False
42,True,False,False,False,4153,False,False,True,False,False,18,False,False,True,False,False,1,True,False,False,True,False,2,False,False,True,False,1,False,True,False,False,False,True,False,False,True,False,False,False,False,True,False,False,False,False,False,False,3,True,False,False,False,False,True,False
50,False,False,False,True,2390,False,False,True,False,False,12,False,False,False,False,True,1,True,False,False,True,False,4,False,False,True,False,1,True,False,False,False,False,True,False,False,True,False,True,False,False,False,False,False,False,False,False,False,3,False,False,False,False,True,False,True
38,False,False,False,True,2751,False,False,False,False,True,48,False,False,False,False,True,2,True,False,False,True,False,4,False,False,True,False,2,True,False,False,False,False,True,False,False,True,False,False,True,False,False,False,False,False,False,False,False,3,False,False,False,False,True,False,True
25,True,False,False,False,8065,False,False,False,False,True,36,False,False,True,False,False,2,True,False,False,True,False,3,False,False,False,True,1,True,False,False,False,False,True,False,False,False,True,False,False,False,False,False,False,False,True,False,False,2,True,False,False,False,False,False,True
26,False,True,False,False,1424,False,False,False,False,True,12,False,False,False,True,False,1,True,False,False,True,False,4,False,False,True,False,1,True,False,False,False,False,True,False,True,False,False,False,False,False,False,False,True,False,False,False,False,3,True,False,False,False,False,True,False
33,False,False,False,True,1474,False,False,True,False,False,24,False,True,False,False,False,1,True,False,False,True,False,4,False,False,True,False,1,True,False,False,False,False,True,True,False,False,False,True,False,False,False,False,False,False,False,False,False,3,False,True,False,False,False,False,True
24,False,False,False,True,1800,False,False,False,False,True,18,False,False,True,False,False,2,True,False,False,True,False,4,False,False,True,False,1,True,False,False,False,False,True,False,False,True,False,False,False,False,False,True,False,False,False,False,False,2,True,False,False,False,False,True,False
39,True,False,False,False,3345,False,False,True,False,False,24,False,False,False,False,True,1,True,False,True,False,False,4,False,False,False,True,1,True,False,False,False,False,True,False,True,False,False,False,False,False,True,False,False,False,False,False,False,2,True,False,False,False,False,False,True
28,True,False,False,False,2659,False,False,True,False,False,18,False,False,True,False,False,1,True,False,False,True,False,4,False,False,True,False,1,True,False,False,False,False,True,False,False,True,False,False,False,False,True,False,False,False,False,False,False,2,False,False,False,True,False,True,False
54,False,False,False,True,4591,False,False,True,False,False,24,False,False,True,False,False,3,True,False,False,True,False,2,False,False,False,True,1,True,False,False,False,False,True,False,True,False,False,False,False,False,False,False,False,False,False,False,True,3,False,False,False,True,False,False,True
29,True,False,False,False,3959,False,False,True,False,False,15,False,False,True,False,False,1,True,False,False,True,False,3,False,False,True,False,1,True,False,False,False,False,True,False,True,False,False,True,False,False,False,False,False,False,False,False,False,2,True,False,False,False,False,False,True
32,True,False,False,False,4583,True,False,False,False,False,30,False,False,True,False,False,2,True,False,False,True,False,2,False,False,True,False,1,False,False,True,False,False,True,True,False,False,False,False,False,False,True,False,False,False,False,False,False,2,True,False,False,False,False,True,False
36,False,True,False,False,6967,False,False,False,True,False,24,False,False,False,True,False,1,True,False,True,False,False,4,False,False,False,True,1,True,False,False,False,False,True,False,False,True,False,False,False,False,False,False,False,False,False,False,True,4,False,True,False,False,False,False,True
27,False,True,False,False,4576,False,False,False,False,True,45,True,False,False,False,False,1,True,False,False,True,False,3,False,False,True,False,1,True,False,False,False,False,True,False,False,True,False,False,True,False,False,False,False,False,False,False,False,4,False,True,False,False,False,True,False
39,False,True,False,False,932,False,False,False,False,True,6,False,False,False,True,False,2,True,False,False,True,False,1,False,True,False,False,1,True,False,False,False,False,True,False,True,False,False,False,False,False,False,False,False,False,False,True,False,3,False,False,False,False,True,True,False
33,False,True,False,False,6403,False,False,False,True,False,24,False,True,False,False,False,1,True,False,False,True,False,1,False,False,True,False,1,True,False,False,False,False,True,False,False,True,False,False,False,False,False,True,False,False,False,False,False,2,True,False,False,False,False,True,False
32,False,True,False,False,2273,False,False,True,False,False,36,False,False,False,True,False,2,True,False,False,True,False,3,False,False,True,False,2,True,False,False,False,False,True,False,False,True,False,False,False,False,False,False,False,False,True,False,False,1,True,False,False,False,False,True,False
34,False,False,False,True,2759,True,False,False,False,False,12,False,False,False,False,True,2,True,False,False,True,False,2,False,False,True,False,1,True,False,False,False,False,True,False,True,False,False,False,False,False,True,False,False,False,False,False,False,4,True,False,False,False,False,True,False
28,False,True,False,False,3617,False,False,False,False,True,12,False,False,False,False,True,3,True,False,True,False,False,1,False,False,True,False,1,True,False,False,False,False,True,False,False,True,False,False,False,False,True,False,False,False,False,False,False,4,True,False,False,False,False,False,True
35,False,False,False,True,4679,False,False,False,True,False,24,False,False,False,True,False,2,True,False,False,True,False,3,False,True,False,False,1,True,False,False,False,False,True,False,False,True,False,False,True,False,False,False,False,False,False,False,False,3,True,False,False,False,False,False,True
43,True,False,False,False,1333,False,False,False,True,False,24,True,False,False,False,False,2,True,False,False,False,True,4,False,False,True,False,2,True,False,False,False,False,True,True,False,False,False,True,False,False,False,False,False,False,False,False,False,2,True,False,False,False,False,True,False
26,True,False,False,False,3114,True,False,False,False,False,18,False,True,False,False,False,1,True,False,True,False,False,1,False,False,True,False,1,True,False,False,False,False,True,False,True,False,False,False,False,False,True,False,False,False,False,False,False,4,True,False,False,False,False,True,False
42,False,True,False,False,6288,False,False,True,False,False,60,False,False,True,False,False,1,True,False,False,False,True,4,False,False,True,False,1,True,False,False,False,False,True,False,False,False,True,False,False,False,False,False,False,False,True,False,False,4,True,False,False,False,False,True,False
36,False,False,False,True,1238,False,False,True,False,False,6,True,False,False,False,False,1,True,False,False,True,False,4,False,False,False,True,2,True,False,False,False,False,True,False,True,False,False,False,False,False,False,False,False,False,False,True,False,4,False,False,False,False,True,False,True
34,False,False,True,False,1337,True,False,False,False,False,9,False,True,False,False,False,2,True,False,False,True,False,4,False,False,False,True,1,True,False,False,False,False,True,False,False,True,False,False,False,False,False,True,False,False,False,False,False,2,True,False,False,False,False,False,True
24,True,False,False,False,2124,False,False,False,False,True,18,False,False,True,False,False,2,True,False,True,False,False,4,False,False,True,False,1,True,False,False,False,False,True,True,False,False,False,False,False,False,True,False,False,False,False,False,False,4,True,False,False,False,False,True,False
47,False,False,False,True,1393,False,False,True,False,False,12,False,False,False,False,True,3,True,False,False,True,False,4,False,False,True,False,2,True,False,False,True,False,False,False,True,False,False,False,False,False,False,False,False,False,True,False,False,4,True,False,False,False,False,False,True
46,False,False,False,True,2476,False,False,True,False,False,21,False,False,False,False,True,1,True,False,False,True,False,4,False,False,False,True,1,True,False,False,False,False,True,True,False,False,False,False,True,False,False,False,False,False,False,False,False,4,False,False,False,False,True,False,True
27,False,True,False,False,2930,False,False,True,False,False,12,False,False,False,True,False,1,True,False,False,True,False,2,False,False,True,False,1,True,False,False,False,False,True,True,False,False,False,False,False,False,False,True,False,False,False,False,False,1,True,False,False,False,False,True,False
27,False,False,True,False,1347,False,False,False,False,True,10,False,False,False,True,False,2,True,False,False,True,False,4,False,False,True,False,1,True,False,False,False,False,True,False,True,False,False,False,False,False,False,True,False,False,False,False,False,2,False,False,False,False,True,False,True
31,False,False,True,False,4473,False,False,True,False,False,36,False,False,False,False,True,1,True,False,False,True,False,4,False,False,True,False,1,True,False,False,False,False,True,False,False,True,False,False,False,False,False,True,False,False,False,False,False,2,True,False,False,False,False,True,False
31,False,False,False,True,1393,False,False,True,False,False,24,False,False,True,False,False,1,True,False,False,True,False,2,False,False,True,False,1,False,False,True,False,False,True,True,False,False,False,True,False,False,False,False,False,False,False,False,False,2,True,False,False,False,False,False,True
24,False,False,True,False,3016,False,False,True,False,False,12,False,False,True,False,False,1,True,False,False,True,False,3,False,False,True,False,1,True,False,False,False,False,True,False,False,True,False,False,False,False,False,True,False,False,False,False,False,1,True,False,False,False,False,True,False
22,False,False,False,True,1808,False,False,False,True,False,18,False,False,False,True,False,1,True,False,False,True,False,4,False,False,True,False,1,True,False,False,False,False,True,True,False,False,False,False,False,False,True,False,False,False,False,False,False,1,True,False,False,False,False,True,False
44,False,False,True,False,1881,False,False,True,False,False,12,False,False,True,False,False,1,True,False,True,False,False,2,False,True,False,False,1,True,False,False,False,False,True,False,False,True,False,False,False,False,False,True,False,False,False,False,False,2,True,False,False,False,False,False,True
43,True,False,False,False,1344,False,False,False,True,False,12,False,False,True,False,False,2,True,False,False,True,False,4,False,True,False,False,2,True,False,False,False,False,True,True,False,False,False,True,False,False,False,False,False,False,False,False,False,2,True,False,False,False,False,True,False
64,False,False,False,True,3832,False,False,True,False,False,9,False,False,False,False,True,1,True,False,False,True,False,1,False,True,False,False,1,True,False,False,False,False,True,True,False,False,False,False,False,False,False,False,False,False,True,False,False,4,False,False,False,False,True,True,False
22,False,True,False,False,276,False,False,True,False,False,9,False,False,True,False,False,1,True,False,True,False,False,4,False,True,False,False,1,True,False,False,False,False,True,True,False,False,False,True,False,False,False,False,False,False,False,False,False,4,True,False,False,False,False,True,False
62,False,False,False,True,1338,False,False,True,False,False,6,False,False,True,False,False,1,True,False,False,True,False,1,False,False,True,False,1,True,False,False,False,False,True,True,False,False,False,False,False,False,False,False,True,False,False,False,False,4,False,False,True,False,False,True,False
48,False,True,False,False,1743,False,False,False,False,True,24,False,False,False,False,True,2,True,False,False,True,False,4,False,True,False,False,1,True,False,False,False,False,True,False,True,False,False,False,False,False,False,True,False,False,False,False,False,2,True,False,False,False,False,True,False
41,False,False,False,True,6313,False,False,True,False,False,24,False,False,False,False,True,1,True,False,False,True,False,3,False,False,False,True,2,True,False,False,False,False,True,False,False,True,False,False,True,False,False,False,False,False,False,False,False,4,False,False,False,False,True,False,True
31,False,False,False,True,2901,False,False,True,False,False,10,False,True,False,False,False,1,True,False,True,False,False,1,False,False,True,False,1,True,False,False,False,False,True,True,False,False,False,False,True,False,False,False,False,False,False,False,False,4,False,False,False,False,True,True,False
24,False,True,False,False,2323,False,False,True,False,False,36,False,False,False,True,False,1,True,False,True,False,False,4,False,False,True,False,1,True,False,False,False,False,True,False,False,True,False,False,False,False,False,True,False,False,False,False,False,4,True,False,False,False,False,True,False
27,False,False,False,True,1237,False,False,False,False,True,6,False,False,True,False,False,2,True,False,False,True,False,1,False,False,True,False,1,True,False,False,False,False,True,False,True,False,False,False,False,False,False,True,False,False,False,False,False,1,False,True,False,False,False,True,False
37,False,False,True,False,3949,False,False,True,False,False,10,False,True,False,False,False,1,True,False,False,True,False,1,False,True,False,False,2,False,False,True,False,False,True,False,True,False,False,True,False,False,False,False,False,False,False,False,False,1,True,False,False,False,False,True,False
25,False,True,False,False,4746,False,False,False,False,True,45,False,True,False,False,False,2,True,False,False,True,False,4,False,True,False,False,1,True,False,False,False,False,True,False,True,False,False,False,False,False,False,True,False,False,False,False,False,2,True,False,False,False,False,True,False
25,False,True,False,False,866,False,False,True,False,False,18,False,False,True,False,False,1,True,False,False,True,False,4,False,True,False,False,1,False,False,True,False,False,True,True,False,False,False,False,False,False,False,True,False,False,False,False,False,2,True,False,False,False,False,True,False
32,True,False,False,False,1282,False,False,True,False,False,24,False,False,True,False,False,1,True,False,False,True,False,4,False,True,False,False,1,True,False,False,False,False,True,False,False,True,False,False,False,False,False,True,False,False,False,False,False,2,False,True,False,False,False,True,False
40,True,False,False,False,684,False,False,True,False,False,12,False,False,True,False,False,1,True,False,True,False,False,4,False,True,False,False,2,True,False,False,False,False,True,False,False,True,False,False,False,False,False,False,False,False,True,False,False,4,True,False,False,False,False,True,False
50,True,False,False,False,5293,True,False,False,False,False,27,True,False,False,False,False,2,True,False,False,True,False,2,False,False,True,False,1,True,False,False,False,True,False,False,True,False,False,False,False,False,False,False,False,False,False,False,True,4,True,False,False,False,False,False,True
20,False,True,False,False,1577,False,False,True,False,False,11,False,True,False,False,False,1,True,False,False,True,False,4,False,False,True,False,1,True,False,False,False,False,True,True,False,False,False,False,False,False,True,False,False,False,False,False,False,1,False,False,False,True,False,True,False
23,False,True,False,False,2520,False,False,False,False,True,27,False,False,True,False,False,2,True,False,False,True,False,4,False,True,False,False,1,True,False,False,False,False,True,False,True,False,False,False,False,False,False,True,False,False,False,False,False,2,False,False,True,False,False,True,False
31,False,False,False,True,6110,False,False,False,False,True,48,False,False,True,False,False,1,True,False,False,False,True,1,False,False,True,False,1,True,False,False,True,False,False,False,False,False,True,False,False,False,False,False,False,False,True,False,False,3,True,False,False,False,False,False,True
24,False,False,False,True,2080,False,False,False,False,True,6,False,False,True,False,False,1,True,False,False,True,False,1,False,False,True,False,1,True,False,False,False,False,True,False,False,True,False,True,False,False,False,False,False,False,False,False,False,2,False,False,True,False,False,True,False
40,False,True,False,False,1322,False,False,False,False,True,11,False,False,True,False,False,2,True,False,False,True,False,4,False,False,True,False,1,True,False,False,False,False,True,False,False,True,False,True,False,False,False,False,False,False,False,False,False,4,False,False,False,True,False,True,False
33,False,False,False,True,2051,False,False,True,False,False,18,False,True,False,False,False,1,True,False,False,True,False,4,False,False,True,False,1,True,False,False,False,False,True,True,False,False,False,False,False,False,False,True,False,False,False,False,False,1,True,False,False,False,False,True,False
26,True,False,False,False,3414,False,False,False,True,False,21,False,True,False,False,False,2,True,False,False,True,False,2,False,False,True,False,1,True,False,False,False,False,True,False,True,False,False,False,False,False,False,False,False,False,True,False,False,1,True,False,False,False,False,True,False
26,False,True,False,False,590,False,False,True,False,False,6,False,True,False,False,False,1,False,True,False,True,False,3,False,True,False,False,1,True,False,False,False,False,True,True,False,False,False,False,False,False,False,True,False,False,False,False,False,3,True,False,False,False,False,True,False
35,False,True,False,False,1919,False,False,False,False,True,9,False,False,False,True,False,1,True,False,True,False,False,4,False,False,True,False,1,True,False,False,False,False,True,False,False,True,False,False,False,False,True,False,False,False,False,False,False,3,True,False,False,False,False,False,True
30,True,False,False,False,2249,False,False,True,False,False,18,False,False,False,True,False,1,True,False,False,True,False,4,False,False,False,True,2,True,False,False,False,False,True,False,False,True,False,True,False,False,False,False,False,False,False,False,False,3,False,True,False,False,False,False,True
30,False,False,False,True,2028,False,False,False,False,True,24,False,False,False,True,False,2,True,False,False,True,False,2,False,True,False,False,1,True,False,False,False,False,True,False,True,False,False,False,False,False,True,False,False,False,False,False,False,2,True,False,False,False,False,True,False
31,False,False,False,True,2782,False,False,True,False,False,21,False,False,False,True,False,1,True,False,False,True,False,1,False,False,False,True,1,True,False,False,True,False,False,False,False,True,False,True,False,False,False,False,False,False,False,False,False,2,False,False,True,False,False,True,False
45,False,False,False,True,8588,False,False,True,False,False,39,False,False,False,False,True,1,True,False,False,True,False,4,False,False,False,True,1,True,False,False,False,False,True,False,False,True,False,False,True,False,False,False,False,False,False,False,False,2,False,True,False,False,False,False,True
26,True,False,False,False,1345,False,False,True,False,False,18,False,False,True,False,False,1,True,False,False,True,False,4,False,False,True,False,1,True,False,False,True,False,False,True,False,False,False,False,False,False,False,True,False,False,False,False,False,3,True,False,False,False,False,True,False
24,True,False,False,False,4308,False,False,True,False,False,48,False,True,False,False,False,1,True,False,True,False,False,3,False,False,True,False,1,True,False,False,False,False,True,False,True,False,False,False,False,False,False,False,False,False,False,False,True,4,True,False,False,False,False,True,False
26,True,False,False,False,759,False,False,True,False,False,12,False,False,False,True,False,1,True,False,False,True,False,4,False,False,True,False,1,True,False,False,False,False,True,True,False,False,False,True,False,False,False,False,False,False,False,False,False,2,True,False,False,False,False,True,False
34,False,False,False,True,1569,False,True,False,False,False,15,False,False,False,False,True,1,True,False,False,True,False,4,False,True,False,False,2,True,False,False,True,False,False,False,False,True,False,False,False,False,False,True,False,False,False,False,False,4,False,True,False,False,False,True,False
47,False,True,False,False,2353,False,False,False,True,False,21,False,False,True,False,False,2,True,False,False,True,False,1,False,False,True,False,1,True,False,False,False,False,True,False,True,False,False,True,False,False,False,False,False,False,False,False,False,4,True,False,False,False,False,True,False
44,True,False,False,False,2647,False,False,True,False,False,6,False,False,True,False,False,1,True,False,True,False,False,2,False,False,True,False,2,True,False,False,False,False,True,True,False,False,False,False,False,False,False,True,False,False,False,False,False,3,False,False,True,False,False,True,False
40,False,False,False,True,7678,False,False,False,True,False,36,False,False,False,True,False,2,True,False,False,True,False,2,False,False,True,False,1,True,False,False,False,False,True,False,False,True,False,False,False,False,True,False,False,False,False,False,False,4,False,False,True,False,False,False,True
22,True,False,False,False,1366,False,False,True,False,False,9,False,True,False,False,False,1,True,False,True,False,False,3,False,False,True,False,1,True,False,False,False,False,True,False,True,False,False,False,False,False,False,True,False,False,False,False,False,4,True,False,False,False,False,True,False
36,True,False,False,False,2799,False,False,False,False,True,9,False,False,True,False,False,2,True,False,True,False,False,2,False,False,True,False,2,True,False,False,False,False,True,True,False,False,False,True,False,False,False,False,False,False,False,False,False,2,True,False,False,False,False,True,False
60,True,False,False,False,1199,False,False,False,False,True,24,False,False,False,False,True,2,True,False,False,True,False,4,False,True,False,False,1,True,False,False,False,False,True,False,False,True,False,True,False,False,False,False,False,False,False,False,False,4,True,False,False,False,False,True,False
31,False,False,False,True,5742,False,False,True,False,False,36,False,False,False,True,False,2,True,False,False,True,False,2,False,False,True,False,1,True,False,False,False,False,True,False,False,True,False,False,False,False,False,False,False,False,False,False,True,2,False,True,False,False,False,False,True
25,False,False,False,True,1262,False,False,True,False,False,12,False,False,True,False,False,1,True,False,False,True,False,3,False,False,True,False,1,True,False,False,False,False,True,False,False,True,False,False,False,False,False,True,False,False,False,False,False,2,True,False,False,False,False,True,False
39,False,False,False,True,426,True,False,False,False,False,6,False,False,False,False,True,1,True,False,False,True,False,4,False,True,False,False,1,True,False,False,False,False,True,False,False,True,False,False,False,False,False,True,False,False,False,False,False,4,True,False,False,False,False,True,False
25,False,True,False,False,4736,False,False,False,False,True,24,False,True,False,False,False,1,True,False,False,True,False,2,False,True,False,False,1,True,False,False,True,False,False,False,False,True,False,False,False,False,True,False,False,False,False,False,False,4,True,False,False,False,False,True,False
41,False,True,False,False,6361,False,False,False,False,True,18,False,False,False,False,True,1,True,False,False,True,False,2,False,False,True,False,1,True,False,False,False,False,True,False,False,False,True,False,False,False,True,False,False,False,False,False,False,1,True,False,False,False,False,False,True
31,False,False,False,True,929,False,False,True,False,False,24,False,False,False,True,False,1,True,False,False,True,False,4,False,False,True,False,1,True,False,False,False,True,False,False,False,True,False,False,False,False,True,False,False,False,False,False,False,2,False,False,False,False,True,False,True
27,False,False,False,True,4139,False,False,False,False,True,24,False,False,True,False,False,2,True,False,False,True,False,3,False,True,False,False,1,True,False,False,False,False,True,False,True,False,False,False,False,False,False,False,False,False,False,False,True,3,False,True,False,False,False,False,True
25,False,True,False,False,1484,False,False,True,False,False,12,False,False,True,False,False,1,True,False,False,True,False,2,False,False,True,False,1,True,False,False,False,False,True,True,False,False,False,False,False,False,False,True,False,False,False,False,False,1,False,False,False,False,True,False,True
33,False,False,True,False,1474,False,False,True,False,False,12,False,True,False,False,False,1,True,False,False,True,False,4,False,False,False,True,1,True,False,False,True,False,False,False,True,False,False,False,False,False,True,False,False,False,False,False,False,1,True,False,False,False,False,False,True
33,False,False,False,True,797,False,False,False,False,True,12,False,False,False,False,True,1,True,False,False,True,False,4,False,True,False,False,2,True,False,False,True,False,False,False,True,False,False,False,False,False,False,True,False,False,False,False,False,3,False,False,False,False,True,True,False
61,False,True,False,False,1239,False,False,True,False,False,18,False,False,True,False,False,1,True,False,False,False,True,4,False,False,True,False,1,True,False,False,False,False,True,False,False,False,True,False,False,False,False,False,False,False,True,False,False,4,False,False,False,False,True,True,False
23,False,False,False,True,3812,False,False,True,False,False,15,False,True,False,False,False,1,True,False,False,True,False,1,False,False,True,False,1,True,False,False,False,False,True,False,False,True,False,False,True,False,False,False,False,False,False,False,False,4,False,True,False,False,False,False,True
26,False,True,False,False,1715,False,False,True,False,False,30,False,False,True,False,False,1,True,False,False,True,False,4,False,False,True,False,1,True,False,False,False,False,True,False,False,True,False,False,False,False,False,True,False,False,False,False,False,1,False,False,False,False,True,True,False
68,True,False,False,False,14896,False,False,True,False,False,6,False,False,False,False,True,1,True,False,False,True,False,1,False,False,False,True,1,True,False,False,True,False,False,False,False,False,True,True,False,False,False,False,False,False,False,False,False,4,True,False,False,False,False,False,True
52,True,False,False,False,2315,False,False,True,False,False,10,False,False,False,False,True,1,True,False,False,True,False,3,False,True,False,False,1,True,False,False,False,False,True,True,False,False,False,False,False,False,False,True,False,False,False,False,False,4,True,False,False,False,False,True,False
38,False,False,False,True,3914,False,False,True,False,False,48,False,False,True,False,False,1,True,False,False,True,False,4,False,False,True,False,1,True,False,False,True,False,False,True,False,False,False,False,False,False,False,False,False,False,False,False,True,2,False,False,False,False,True,True,False
39,False,False,False,True,9436,True,False,False,False,False,54,False,False,True,False,False,1,True,False,False,True,False,2,False,True,False,False,2,True,False,False,False,False,True,False,True,False,False,False,True,False,False,False,False,False,False,False,False,2,False,False,False,False,True,True,False
23,False,False,False,True,1943,False,False,True,False,False,18,False,True,False,False,False,1,True,False,False,True,False,4,False,False,True,False,1,True,False,False,False,False,True,True,False,False,False,False,False,False,False,False,False,True,False,False,False,4,True,False,False,False,False,True,False
33,False,False,False,True,2186,False,False,True,False,False,15,False,False,False,True,False,1,True,False,True,False,False,1,False,True,False,False,1,True,False,False,True,False,False,True,False,False,False,False,False,False,True,False,False,False,False,False,False,4,False,False,False,False,True,True,False
27,True,False,False,False,3123,False,False,True,False,False,24,False,True,False,False,False,1,True,False,False,True,False,4,False,False,True,False,1,True,False,False,False,False,True,False,True,False,False,True,False,False,False,False,False,False,False,False,False,1,True,False,False,False,False,True,False
37,True,False,False,False,3620,False,False,True,False,False,36,False,False,True,False,False,1,True,False,False,True,False,1,False,False,True,False,2,False,False,True,False,False,True,False,True,False,False,False,False,False,True,False,False,False,False,False,False,2,True,False,False,False,False,True,False
29,False,False,False,True,1169,False,False,False,False,True,18,False,False,True,False,False,2,True,False,False,True,False,4,False,False,True,False,1,True,False,False,False,False,True,False,True,False,False,False,False,False,False,True,False,False,False,False,False,3,False,False,False,False,True,False,True
35,False,False,False,True,1471,False,False,False,False,True,15,False,False,True,False,False,2,True,False,False,False,True,4,False,False,True,False,1,True,False,False,False,False,True,False,False,False,True,False,False,False,False,True,False,False,False,False,False,4,True,False,False,False,False,False,True
32,False,False,False,True,4526,False,False,False,False,True,27,False,True,False,False,False,2,True,False,False,True,False,4,False,True,False,False,2,True,False,False,False,True,False,True,False,False,False,False,False,False,True,False,False,False,False,False,False,2,False,False,False,True,False,False,True
24,True,False,False,False,626,False,True,False,False,False,12,False,False,True,False,False,1,True,False,False,True,False,4,False,True,False,False,1,True,False,False,True,False,False,True,False,False,False,False,False,False,False,True,False,False,False,False,False,4,True,False,False,False,False,True,False
40,False,True,False,False,3001,False,False,True,False,False,18,False,False,False,True,False,1,True,False,True,False,False,2,False,False,True,False,1,True,False,False,False,False,True,True,False,False,False,False,False,False,True,False,False,False,False,False,False,4,True,False,False,False,False,True,False
43,False,True,False,False,2899,False,False,False,True,False,18,False,False,False,False,True,1,True,False,False,True,False,4,False,False,True,False,2,True,False,False,False,False,True,False,False,True,False,True,False,False,False,False,False,False,False,False,False,4,False,False,False,False,True,True,False
32,False,True,False,False,931,False,True,False,False,False,6,False,True,False,False,False,1,True,False,False,True,False,1,False,True,False,False,1,True,False,False,False,True,False,False,True,False,False,True,False,False,False,False,False,False,False,False,False,1,False,True,False,False,False,True,False
48,True,False,False,False,1024,False,False,False,True,False,24,False,True,False,False,False,1,True,False,False,True,False,4,False,False,True,False,1,True,False,False,False,True,False,True,False,False,False,False,False,False,False,True,False,False,False,False,False,4,True,False,False,False,False,True,False
60,False,False,False,True,1940,False,False,False,False,True,24,False,False,False,False,True,1,True,False,False,True,False,4,False,False,True,False,1,True,False,False,False,False,True,True,False,False,False,True,False,False,False,False,False,False,False,False,False,4,False,False,False,True,False,False,True
38,True,False,False,False,2171,False,False,False,False,True,12,False,False,True,False,False,2,False,True,False,True,False,4,False,True,False,False,1,True,False,False,True,False,False,False,True,False,False,True,False,False,False,False,False,False,False,False,False,4,True,False,False,False,False,True,False
55,True,False,False,False,1190,False,False,False,False,True,18,True,False,False,False,False,3,True,False,False,False,True,2,True,False,False,False,2,True,False,False,False,False,True,False,False,False,True,False,False,False,False,False,False,True,False,False,False,4,True,False,False,False,False,True,False
29,True,False,False,False,1193,False,True,False,False,False,24,True,False,False,False,False,2,True,False,True,False,False,1,True,False,False,False,1,False,True,False,False,False,True,False,False,False,True,True,False,False,False,False,False,False,False,False,False,4,True,False,False,False,False,True,False
50,False,False,False,True,3777,False,False,False,False,True,24,False,False,True,False,False,1,True,False,False,True,False,4,False,False,True,False,1,True,False,False,False,False,True,True,False,False,False,False,False,False,True,False,False,False,False,False,False,4,False,False,False,True,False,False,True
30,False,True,False,False,2063,False,False,True,False,False,6,False,True,False,False,False,1,True,False,True,False,False,4,False,False,False,True,1,True,False,False,False,False,True,False,False,True,False,False,False,False,False,True,False,False,False,False,False,3,True,False,False,False,False,False,True
29,False,False,False,True,1123,False,False,True,False,False,12,False,False,True,False,False,1,True,False,True,False,False,4,False,True,False,False,1,True,False,False,False,False,True,False,False,True,False,False,False,False,True,False,False,False,False,False,False,4,False,False,True,False,False,True,False
23,True,False,False,False,4281,False,False,False,False,True,33,False,False,True,False,False,2,True,False,False,True,False,1,False,False,True,False,1,True,False,False,False,False,True,False,False,True,False,False,False,False,True,False,False,False,False,False,False,4,False,False,True,False,False,True,False
23,False,False,False,True,1236,False,False,True,False,False,9,False,True,False,False,False,1,True,False,True,False,False,1,False,False,True,False,1,True,False,False,False,False,True,True,False,False,False,False,False,False,False,False,True,False,False,False,False,4,True,False,False,False,False,False,True
37,False,False,True,False,2100,False,False,True,False,False,18,False,False,True,False,False,1,True,False,False,True,False,4,False,False,True,False,1,False,True,False,False,True,False,True,False,False,False,False,False,False,False,True,False,False,False,False,False,2,True,False,False,False,False,True,False
26,False,False,False,True,763,False,False,True,False,False,12,False,False,True,False,False,1,True,False,False,True,False,4,False,False,True,False,1,True,False,False,False,False,True,True,False,False,False,False,False,False,True,False,False,False,False,False,False,1,True,False,False,False,False,False,True
42,False,True,False,False,3804,True,False,False,False,False,36,False,False,True,False,False,1,True,False,False,True,False,4,False,False,True,False,1,True,False,False,False,False,True,False,False,True,False,False,False,False,False,True,False,False,False,False,False,1,True,False,False,False,False,False,True
33,False,False,True,False,2319,False,False,False,False,True,21,False,True,False,False,False,1,True,False,True,False,False,2,False,False,True,False,1,True,False,False,False,False,True,False,False,True,False,False,False,False,False,False,False,False,True,False,False,1,True,False,False,False,False,True,False
53,True,False,False,False,795,False,False,True,False,False,12,False,True,False,False,False,1,True,False,False,True,False,4,False,False,True,False,1,True,False,False,False,False,True,False,True,False,False,False,False,False,False,False,False,False,True,False,False,4,True,False,False,False,False,True,False
21,False,False,False,True,2570,False,False,True,False,False,27,False,False,True,False,False,1,True,False,True,False,False,3,False,False,True,False,1,True,False,False,False,False,True,True,False,False,False,True,False,False,False,False,False,False,False,False,False,3,True,False,False,False,False,True,False
46,False,False,False,True,1149,False,False,False,False,True,18,False,False,True,False,False,2,True,False,False,True,False,4,False,False,True,False,1,True,False,False,False,False,True,True,False,False,False,False,False,False,False,True,False,False,False,False,False,3,False,False,False,True,False,True,False
25,False,True,False,False,685,False,False,True,False,False,12,False,False,False,True,False,1,True,False,False,True,False,2,False,True,False,False,1,True,False,False,True,False,False,False,False,True,False,True,False,False,False,False,False,False,False,False,False,3,True,False,False,False,False,True,False
39,False,False,False,True,2299,False,False,True,False,False,36,False,False,False,False,True,1,True,False,False,True,False,4,False,False,True,False,1,True,False,False,False,False,True,False,False,True,False,False,False,False,False,True,False,False,False,False,False,4,False,False,True,False,False,True,False
29,False,True,False,False,1437,False,True,False,False,False,9,False,False,False,True,False,1,True,False,False,True,False,2,False,False,True,False,1,True,False,False,False,False,True,False,False,False,True,True,False,False,False,False,False,False,False,False,False,3,False,True,False,False,False,True,False
49,False,False,False,True,2331,False,False,False,False,True,12,False,False,False,False,True,1,True,False,False,True,False,1,False,False,True,False,1,False,True,False,False,False,True,True,False,False,False,False,False,False,False,True,False,False,False,False,False,4,False,False,False,False,True,False,True
54,False,False,False,True,672,False,False,True,False,False,6,True,False,False,False,False,1,True,False,False,True,False,1,True,False,False,False,1,True,False,False,False,False,True,True,False,False,False,True,False,False,False,False,False,False,False,False,False,4,True,False,False,False,False,False,True
27,False,True,False,False,1995,False,False,False,False,True,12,False,True,False,False,False,1,True,False,False,True,False,4,False,False,True,False,1,True,False,False,False,False,True,False,False,True,False,True,False,False,False,False,False,False,False,False,False,1,False,True,False,False,False,True,False
24,False,False,False,True,932,False,False,False,True,False,6,False,False,True,False,False,1,True,False,False,True,False,3,False,False,True,False,1,True,False,False,False,False,True,True,False,False,False,False,False,False,False,True,False,False,False,False,False,2,True,False,False,False,False,True,False
23,False,True,False,False,1534,False,False,True,False,False,12,False,True,False,False,False,1,True,False,True,False,False,1,False,False,True,False,1,True,False,False,False,False,True,True,False,False,False,False,False,False,False,True,False,False,False,False,False,1,True,False,False,False,False,True,False
32,False,False,False,True,7238,False,False,False,True,False,48,False,False,False,False,True,2,True,False,False,True,False,3,False,False,True,False,2,True,False,False,True,False,False,False,False,True,False,False,False,False,False,True,False,False,False,False,False,3,False,False,False,False,True,True,False
35,True,False,False,False,1381,False,False,True,False,False,24,False,False,True,False,False,1,True,False,False,True,False,4,False,False,True,False,1,True,False,False,False,False,True,False,True,False,False,True,False,False,False,False,False,False,False,False,False,2,False,False,False,False,True,True,False
32,False,False,False,True,1231,False,False,False,False,True,10,False,False,False,False,True,2,False,True,False,True,False,3,False,True,False,False,2,True,False,False,False,False,True,True,False,False,False,True,False,False,False,False,False,False,False,False,False,4,True,False,False,False,False,True,False
29,True,False,False,False,6887,False,False,False,True,False,36,False,False,True,False,False,1,True,False,False,True,False,4,False,False,True,False,1,True,False,False,False,True,False,False,True,False,False,False,False,False,False,False,False,False,True,False,False,3,True,False,False,False,False,False,True
27,False,True,False,False,10961,False,False,True,False,False,48,False,False,False,True,False,2,True,False,False,True,False,1,False,False,True,False,1,False,True,False,True,False,False,False,False,False,True,False,False,False,False,True,False,False,False,False,False,2,False,False,False,True,False,False,True
23,False,False,False,True,3368,False,False,False,False,True,15,False,False,False,False,True,2,True,False,True,False,False,3,False,False,True,False,1,True,False,False,False,False,True,False,False,False,True,False,True,False,False,False,False,False,False,False,False,4,False,False,False,True,False,False,True
42,False,True,False,False,8086,False,False,False,True,False,36,False,False,False,False,True,4,True,False,False,True,False,2,False,False,False,True,1,True,False,False,False,False,True,False,False,True,False,True,False,False,False,False,False,False,False,False,False,4,False,True,False,False,False,False,True
32,False,False,False,True,2978,False,False,True,False,False,6,False,False,True,False,False,1,True,False,False,True,False,1,False,False,True,False,1,True,False,False,False,False,True,False,False,True,False,False,False,False,True,False,False,False,False,False,False,2,False,False,True,False,False,False,True
36,False,False,False,True,3275,False,False,False,False,True,21,False,False,False,False,True,1,True,False,False,True,False,1,False,False,False,True,1,True,False,False,False,False,True,False,False,True,False,False,True,False,False,False,False,False,False,False,False,4,True,False,False,False,False,False,True
35,False,False,False,True,2397,False,False,True,False,False,24,False,False,False,False,True,2,True,False,False,True,False,3,False,False,True,False,1,True,False,False,True,False,False,False,False,True,False,False,False,False,False,True,False,False,False,False,False,2,False,False,True,False,False,False,True
35,False,False,False,True,1204,True,False,False,False,False,6,False,False,True,False,False,1,False,True,True,False,False,4,False,False,True,False,1,True,False,False,True,False,False,False,False,False,True,True,False,False,False,False,False,False,False,False,False,1,False,True,False,False,False,True,False
36,False,False,False,True,1262,False,False,True,False,False,15,False,False,False,True,False,2,True,False,False,True,False,4,False,False,True,False,1,True,False,False,False,False,True,False,True,False,False,False,False,False,False,False,True,False,False,False,False,3,False,False,True,False,False,False,True
26,False,False,False,True,1076,False,False,True,False,False,12,False,False,True,False,False,1,False,True,False,True,False,2,False,False,True,False,1,True,False,False,False,False,True,True,False,False,False,False,False,False,False,False,False,False,False,False,True,2,True,False,False,False,False,False,True
26,False,False,True,False,609,False,True,False,False,False,12,False,True,False,False,False,1,True,False,False,True,False,4,True,False,False,False,1,True,False,False,False,False,True,True,False,False,False,False,False,False,False,False,False,False,False,False,True,1,True,False,False,False,False,True,False
36,False,False,False,True,700,False,False,False,False,True,6,False,False,False,False,True,2,True,False,False,False,True,4,False,False,True,False,1,True,False,False,False,False,True,False,False,False,True,False,False,False,False,True,False,False,False,False,False,4,False,False,False,False,True,True,False
39,False,False,False,True,7228,False,False,False,False,True,11,False,False,True,False,False,2,True,False,False,True,False,1,False,True,False,False,1,True,False,False,False,False,True,False,True,False,False,True,False,False,False,False,False,False,False,False,False,4,True,False,False,False,False,True,False
38,False,True,False,False,1308,False,False,True,False,False,15,False,False,False,False,True,2,True,False,False,True,False,4,False,True,False,False,1,True,False,False,False,False,True,False,False,True,False,False,False,False,False,False,False,True,False,False,False,4,True,False,False,False,False,True,False
52,False,False,False,True,3077,False,False,True,False,False,12,False,False,True,False,False,1,True,False,False,True,False,2,False,False,True,False,1,True,False,False,False,False,True,False,False,True,False,False,False,False,False,True,False,False,False,False,False,4,True,False,False,False,False,False,True
52,False,False,False,True,717,False,False,False,False,True,12,False,False,False,False,True,3,True,False,False,True,False,4,False,False,True,False,1,True,False,False,False,False,True,True,False,False,False,False,False,False,False,True,False,False,False,False,False,4,True,False,False,False,False,True,False
26,False,False,False,True,2069,False,False,False,False,True,10,False,False,True,False,False,2,False,True,False,True,False,2,False,False,True,False,1,True,False,False,False,False,True,False,False,True,False,False,False,False,True,False,False,False,False,False,False,1,False,False,False,False,True,True,False
25,True,False,False,False,1371,False,False,True,False,False,24,False,False,True,False,False,1,True,False,True,False,False,4,False,False,True,False,1,True,False,False,False,False,True,True,False,False,False,True,False,False,False,False,False,False,False,False,False,4,False,False,False,False,True,True,False
28,False,False,False,True,9572,False,False,False,True,False,36,False,True,False,False,False,2,True,False,False,True,False,1,False,False,True,False,1,True,False,False,False,False,True,False,False,True,False,False,False,False,False,False,False,False,False,False,True,1,True,False,False,False,False,True,False
31,False,True,False,False,1449,False,False,False,True,False,6,False,False,False,False,True,2,True,False,False,True,False,1,False,False,True,False,2,True,False,False,True,False,False,False,False,True,False,False,False,False,False,False,False,False,False,False,True,2,False,True,False,False,False,True,False
40,False,False,False,True,1386,False,False,True,False,False,15,False,False,True,False,False,1,True,False,True,False,False,4,False,False,True,False,1,True,False,False,False,False,True,True,False,False,False,False,False,False,False,True,False,False,False,False,False,2,False,False,False,False,True,False,True
27,False,True,False,False,1924,False,False,True,False,False,18,False,True,False,False,False,1,True,False,True,False,False,4,False,False,True,False,1,True,False,False,False,False,True,True,False,False,False,False,False,False,True,False,False,False,False,False,False,3,False,False,False,False,True,True,False
20,False,True,False,False,2718,False,False,True,False,False,24,False,False,True,False,False,1,True,False,True,False,False,3,False,True,False,False,1,True,False,False,False,False,True,False,True,False,False,True,False,False,False,False,False,False,False,False,False,4,True,False,False,False,False,False,True
42,False,True,False,False,1965,False,False,False,True,False,24,False,False,True,False,False,2,True,False,True,False,False,4,False,False,True,False,1,True,False,False,False,False,True,False,False,True,False,True,False,False,False,False,False,False,False,False,False,4,False,False,False,False,True,False,True
40,False,False,False,True,3077,False,False,False,False,True,30,False,False,False,False,True,2,True,False,False,True,False,3,False,False,True,False,2,True,False,False,False,False,True,False,False,True,False,False,False,False,False,True,False,False,False,False,False,2,False,False,False,False,True,False,True
29,False,True,False,False,1103,False,False,True,False,False,12,False,False,False,True,False,2,False,True,False,True,False,4,False,False,True,False,1,False,False,True,False,False,True,True,False,False,False,False,False,False,False,True,False,False,False,False,False,3,True,False,False,False,False,True,False
27,True,False,False,False,5998,False,False,False,False,True,40,False,False,True,False,False,1,True,False,False,True,False,4,False,False,True,False,1,True,False,False,True,False,False,False,False,False,True,False,False,False,False,False,False,False,True,False,False,3,True,False,False,False,False,False,True
30,False,True,False,False,8358,True,False,False,False,False,48,False,True,False,False,False,2,True,False,False,True,False,1,False,False,True,False,1,True,False,False,False,False,True,False,False,True,False,True,False,False,False,False,False,False,False,False,False,1,False,False,True,False,False,True,False
30,False,True,False,False,639,False,False,True,False,False,12,False,False,True,False,False,1,True,False,False,True,False,4,False,False,True,False,1,True,False,False,False,False,True,False,False,True,False,False,False,False,False,False,False,True,False,False,False,2,True,False,False,False,False,True,False
23,True,False,False,False,6229,False,False,False,False,True,36,False,True,False,False,False,2,True,False,True,False,False,4,False,True,False,False,1,False,True,False,False,False,True,False,False,False,True,False,False,False,True,False,False,False,False,False,False,4,True,False,False,False,False,False,True
20,True,False,False,False,1282,False,False,True,False,False,12,False,False,True,False,False,1,True,False,True,False,False,2,False,False,True,False,1,True,False,False,False,False,True,False,False,True,False,False,False,False,True,False,False,False,False,False,False,4,True,False,False,False,False,True,False
20,False,True,False,False,1967,False,False,True,False,False,24,False,False,False,False,True,1,True,False,False,True,False,4,False,False,True,False,1,True,False,False,False,False,True,False,False,True,False,False,False,False,False,True,False,False,False,False,False,4,True,False,False,False,False,False,True
23,True,False,False,False,1936,False,False,True,False,False,18,False,False,False,True,False,2,True,False,True,False,False,2,False,True,False,False,1,True,False,False,False,False,True,False,False,True,False,False,False,False,False,True,False,False,False,False,False,4,False,False,False,False,True,True,False
38,False,False,False,True,804,False,False,True,False,False,12,False,False,False,False,True,1,True,False,False,True,False,4,False,False,True,False,1,True,False,False,False,False,True,False,False,True,False,False,False,False,False,True,False,False,False,False,False,4,True,False,False,False,False,True,False
23,False,True,False,False,1444,False,False,True,False,False,15,False,True,False,False,False,1,True,False,False,True,False,4,False,False,True,False,1,True,False,False,False,False,True,False,True,False,False,False,False,False,False,True,False,False,False,False,False,1,False,False,False,False,True,True,False
32,False,False,False,True,2697,False,False,True,False,False,9,False,False,True,False,False,1,True,False,False,True,False,1,False,False,True,False,2,True,False,False,False,False,True,True,False,False,False,False,False,False,False,True,False,False,False,False,False,2,True,False,False,False,False,True,False
30,True,False,False,False,2121,False,False,False,False,True,12,False,False,True,False,False,2,True,False,False,True,False,4,False,False,True,False,1,True,False,False,False,False,True,False,True,False,False,True,False,False,False,False,False,False,False,False,False,2,True,False,False,False,False,True,False
37,False,False,True,False,3399,False,False,True,False,False,12,False,False,False,False,True,1,True,False,False,True,False,2,False,False,False,True,1,True,False,False,False,False,True,False,False,True,False,False,False,False,False,True,False,False,False,False,False,3,False,False,False,False,True,True,False
45,False,False,False,True,10875,False,False,False,True,False,36,False,False,False,False,True,2,True,False,False,True,False,2,False,False,True,False,2,True,False,False,False,False,True,False,False,True,False,True,False,False,False,False,False,False,False,False,False,2,True,False,False,False,False,False,True
61,False,True,False,False,2767,False,False,True,False,False,21,False,False,False,False,True,2,True,False,True,False,False,4,False,True,False,False,1,True,False,False,True,False,False,False,False,True,False,False,False,False,False,False,False,False,False,False,True,2,False,True,False,False,False,True,False
51,False,False,False,True,2507,False,False,True,False,False,9,False,False,False,False,True,1,True,False,False,False,True,2,False,True,False,False,1,True,False,False,False,False,True,False,False,False,True,True,False,False,False,False,False,False,False,False,False,4,False,False,True,False,False,True,False
34,False,True,False,False,3496,False,True,False,False,False,30,False,False,True,False,False,1,True,False,False,True,False,4,False,False,True,False,2,True,False,False,False,True,False,False,False,True,False,False,False,False,True,False,False,False,False,False,False,2,False,False,False,True,False,False,True
42,False,False,False,True,10477,False,False,False,False,True,36,False,False,False,False,True,2,True,False,False,False,True,2,False,False,True,False,1,True,False,False,False,False,True,False,False,False,True,False,True,False,False,False,False,False,False,False,False,4,False,False,False,False,True,True,False
44,False,True,False,False,760,False,False,True,False,False,8,False,False,False,True,False,1,True,False,False,True,False,4,False,True,False,False,1,False,False,True,False,False,True,True,False,False,False,False,False,False,False,True,False,False,False,False,False,2,True,False,False,False,False,True,False
42,False,False,True,False,409,False,True,False,False,False,12,False,False,True,False,False,2,True,False,True,False,False,3,False,False,True,False,1,True,False,False,False,False,True,True,False,False,False,False,False,False,False,True,False,False,False,False,False,3,False,False,False,True,False,True,False
58,False,True,False,False,15945,True,False,False,False,False,54,False,True,False,False,False,1,True,False,True,False,False,3,False,False,True,False,1,True,False,False,False,False,True,False,False,False,True,False,False,False,False,False,False,False,False,False,True,4,True,False,False,False,False,False,True
59,False,False,False,True,5045,False,False,False,False,True,15,False,False,False,False,True,1,True,False,False,True,False,1,False,False,True,False,1,True,False,False,False,False,True,False,False,True,False,True,False,False,False,False,False,False,False,False,False,4,False,False,False,False,True,False,True
24,True,False,False,False,4272,False,False,False,False,True,20,False,False,False,False,True,2,True,False,False,True,False,1,False,False,True,False,1,True,False,False,False,False,True,False,True,False,False,False,False,False,True,False,False,False,False,False,False,4,True,False,False,False,False,True,False
27,False,False,True,False,709,False,False,True,False,False,6,False,True,False,False,False,1,False,True,False,True,False,2,True,False,False,False,1,True,False,False,False,False,True,True,False,False,False,True,False,False,False,False,False,False,False,False,False,2,False,False,False,True,False,True,False
36,False,True,False,False,2366,False,False,False,False,True,12,False,False,False,True,False,1,True,False,False,True,False,3,False,False,False,True,1,True,False,False,False,False,True,False,False,True,False,True,False,False,False,False,False,False,False,False,False,3,False,False,True,False,False,False,True
50,False,True,False,False,6224,False,False,False,True,False,48,False,False,False,False,True,1,True,False,False,False,True,4,False,False,True,False,1,True,False,False,False,False,True,False,False,False,True,False,False,False,False,False,False,False,True,False,False,4,True,False,False,False,False,True,False
26,True,False,False,False,8229,False,False,True,False,False,36,False,False,True,False,False,1,True,False,False,True,False,2,False,False,True,False,2,True,False,False,False,False,True,False,True,False,False,False,True,False,False,False,False,False,False,False,False,2,True,False,False,False,False,True,False
47,False,True,False,False,1209,False,False,False,True,False,6,True,False,False,False,False,1,True,False,False,True,False,4,False,False,False,True,1,True,False,False,False,False,True,False,True,False,False,True,False,False,False,False,False,False,False,False,False,4,True,False,False,False,False,False,True
42,True,False,False,False,2577,False,False,True,False,False,12,False,False,True,False,False,1,True,False,False,True,False,2,False,False,True,False,1,True,False,False,False,False,True,False,False,True,False,False,False,False,True,False,False,False,False,False,False,1,True,False,False,False,False,True,False
24,False,True,False,False,7408,False,False,True,False,False,60,False,True,False,False,False,1,True,False,False,True,False,4,False,False,False,True,1,True,False,False,False,False,True,False,True,False,False,True,False,False,False,False,False,False,False,False,False,2,False,True,False,False,False,True,False
26,True,False,False,False,4788,False,False,True,False,False,48,False,False,False,True,False,1,True,False,False,True,False,4,False,False,True,False,2,True,False,False,False,False,True,False,True,False,False,False,True,False,False,False,False,False,False,False,False,3,True,False,False,False,False,True,False
53,True,False,False,False,4870,False,False,False,True,False,24,False,False,True,False,False,2,True,False,False,False,True,3,False,False,True,False,2,True,False,False,False,False,True,False,False,False,True,True,False,False,False,False,False,False,False,False,False,4,True,False,False,False,False,True,False
30,False,False,False,True,1740,False,False,False,False,True,6,False,False,False,False,True,2,True,False,True,False,False,2,False,False,True,False,1,True,False,False,False,False,True,True,False,False,False,False,False,False,False,True,False,False,False,False,False,2,True,False,False,False,False,True,False
40,True,False,False,False,1358,False,True,False,False,False,24,False,False,False,False,True,1,True,False,False,True,False,4,False,False,False,True,1,True,False,False,False,True,False,False,False,True,False,False,False,True,False,False,False,False,False,False,False,3,False,False,False,False,True,False,True
53,False,False,False,True,2424,False,False,False,False,True,24,False,False,False,False,True,2,True,False,False,True,False,4,False,False,True,False,1,True,False,False,False,False,True,False,True,False,False,False,False,False,False,True,False,False,False,False,False,4,False,False,False,False,True,True,False
48,True,False,False,False,2241,False,False,False,False,True,10,False,True,False,False,False,2,False,True,True,False,False,1,False,True,False,False,2,True,False,False,False,False,True,True,False,False,False,True,False,False,False,False,False,False,False,False,False,3,True,False,False,False,False,True,False
29,True,False,False,False,11816,True,False,False,False,False,45,False,False,False,False,True,2,True,False,True,False,False,2,False,False,True,False,1,True,False,False,False,False,True,False,False,True,False,False,False,False,False,False,False,False,False,False,True,4,True,False,False,False,False,True,False
29,True,False,False,False,3357,False,False,True,False,False,21,False,True,False,False,False,1,True,False,False,True,False,4,False,False,True,False,1,True,False,False,True,False,False,False,False,True,False,False,False,False,False,True,False,False,False,False,False,2,False,False,False,True,False,True,False
40,True,False,False,False,1977,False,False,True,False,False,36,False,False,False,False,True,1,True,False,False,True,False,4,False,False,False,True,1,True,False,False,False,False,True,False,False,False,True,False,False,False,False,False,False,False,True,False,False,4,False,False,False,False,True,False,True
22,True,False,False,False,3632,False,True,False,False,False,24,False,False,True,False,False,1,False,True,True,False,False,1,False,False,True,False,1,False,False,True,True,False,False,False,False,True,False,False,True,False,False,False,False,False,False,False,False,4,True,False,False,False,False,True,False
30,False,True,False,False,5096,False,False,False,False,True,48,False,False,True,False,False,1,True,False,False,True,False,2,False,False,False,True,1,True,False,False,False,False,True,False,False,True,False,False,False,False,True,False,False,False,False,False,False,3,True,False,False,False,False,False,True
51,False,False,False,True,3342,False,False,False,False,True,36,False,False,False,False,True,1,True,False,False,True,False,4,False,False,True,False,1,True,False,False,False,False,True,False,False,True,False,False,False,False,False,True,False,False,False,False,False,2,False,False,False,False,True,False,True
23,False,True,False,False,3758,False,False,True,False,False,24,True,False,False,False,False,1,True,False,True,False,False,1,True,False,False,False,1,True,False,False,False,False,True,False,False,False,True,False,False,False,False,True,False,False,False,False,False,4,False,False,True,False,False,True,False
49,True,False,False,False,428,False,False,True,False,False,6,False,False,False,False,True,1,True,False,False,True,False,2,False,False,True,False,1,True,False,False,True,False,False,False,True,False,False,False,False,False,True,False,False,False,False,False,False,1,True,False,False,False,False,False,True
56,False,False,True,False,4796,False,False,False,False,True,42,False,False,False,False,True,1,True,False,False,False,True,4,False,False,True,False,1,True,False,False,False,False,True,False,False,False,True,False,True,False,False,False,False,False,False,False,False,4,True,False,False,False,False,True,False
38,False,False,False,True,1924,False,False,True,False,False,10,False,False,True,False,False,1,False,True,False,True,False,1,False,False,True,False,1,True,False,False,False,False,True,False,True,False,False,False,False,False,False,True,False,False,False,False,False,4,True,False,False,False,False,False,True
64,True,False,False,False,2384,False,False,True,False,False,24,False,False,False,False,True,1,True,False,True,False,False,4,False,True,False,False,1,True,False,False,True,False,False,True,False,False,False,False,False,False,False,True,False,False,False,False,False,4,True,False,False,False,False,True,False
23,False,True,False,False,14555,False,False,True,False,False,6,True,False,False,False,False,1,True,False,False,True,False,1,True,False,False,False,1,True,False,False,False,False,True,False,True,False,False,True,False,False,False,False,False,False,False,False,False,2,False,False,False,False,True,False,True
35,False,True,False,False,1410,False,False,True,False,False,14,False,False,False,False,True,1,True,False,False,True,False,1,False,False,True,False,1,True,False,False,False,False,True,True,False,False,False,False,False,False,False,False,False,False,False,False,True,2,False,False,True,False,False,False,True
37,False,False,True,False,1225,False,False,True,False,False,10,False,False,True,False,False,1,True,False,False,True,False,2,False,False,True,False,1,True,False,False,False,False,True,False,False,True,False,False,False,False,False,False,True,False,False,False,False,2,True,False,False,False,False,False,True
42,False,False,False,True,1503,False,False,False,False,True,4,False,False,False,True,False,2,True,False,False,True,False,2,False,True,False,False,2,True,False,False,False,False,True,True,False,False,False,False,False,False,False,True,False,False,False,False,False,1,True,False,False,False,False,True,False
37,False,False,False,True,3380,False,False,False,False,True,4,False,False,False,True,False,1,True,False,False,True,False,1,False,False,True,False,2,True,False,False,False,False,True,True,False,False,False,True,False,False,False,False,False,False,False,False,False,1,True,False,False,False,False,True,False
20,True,False,False,False,1107,False,False,True,False,False,12,False,False,True,False,False,1,True,False,True,False,False,2,False,False,False,True,2,True,False,False,False,False,True,True,False,False,False,False,False,False,False,True,False,False,False,False,False,2,True,False,False,False,False,False,True
29,False,True,False,False,7758,False,False,False,False,True,24,False,False,False,False,True,1,True,False,True,False,False,2,False,False,True,False,1,True,False,False,False,False,True,False,False,False,True,False,True,False,False,False,False,False,False,False,False,4,False,False,False,True,False,True,False
25,False,True,False,False,2762,False,False,True,False,False,12,False,False,False,False,True,1,True,False,False,True,False,1,False,False,True,False,1,True,False,False,True,False,False,False,True,False,False,False,False,False,True,False,False,False,False,False,False,2,False,False,False,False,True,False,True
44,False,True,False,False,1804,False,False,False,False,True,12,False,True,False,False,False,1,True,False,False,True,False,3,False,False,True,False,1,True,False,False,False,False,True,False,True,False,False,False,True,False,False,False,False,False,False,False,False,4,False,True,False,False,False,True,False
39,False,True,False,False,1188,False,False,True,False,False,21,False,False,False,False,True,1,True,False,False,True,False,2,False,False,True,False,2,True,False,False,False,False,True,False,True,False,False,False,False,False,False,False,False,False,False,False,True,4,True,False,False,False,False,True,False
36,False,False,False,True,2872,False,False,False,False,True,24,False,False,False,False,True,1,True,False,False,True,False,3,False,False,True,False,2,True,False,False,False,False,True,True,False,False,False,False,False,False,False,True,False,False,False,False,False,4,False,True,False,False,False,False,True
25,True,False,False,False,1138,False,False,False,False,True,9,False,False,True,False,False,2,True,False,False,True,False,4,False,True,False,False,1,True,False,False,False,False,True,True,False,False,False,False,False,False,False,True,False,False,False,False,False,4,True,False,False,False,False,True,False
29,True,False,False,False,3590,False,False,True,False,False,12,False,False,True,False,False,1,True,False,False,True,False,2,False,True,False,False,2,False,True,False,False,False,True,False,True,False,False,False,False,False,True,False,False,False,False,False,False,2,True,False,False,False,False,True,False
35,False,True,False,False,2728,False,False,False,False,True,15,False,False,False,True,False,3,True,False,False,True,False,4,False,False,True,False,1,False,False,True,True,False,False,True,False,False,False,False,False,False,False,True,False,False,False,False,False,2,False,False,False,False,True,False,True
24,False,False,False,True,11590,False,False,False,False,True,48,False,False,True,False,False,2,True,False,True,False,False,2,False,True,False,False,1,True,False,False,True,False,False,False,False,True,False,False,True,False,False,False,False,False,False,False,False,4,False,True,False,False,False,True,False
33,False,False,False,True,5150,False,False,False,False,True,24,False,False,False,False,True,1,True,False,False,True,False,4,False,False,True,False,1,True,False,False,False,False,True,False,False,True,False,False,False,False,True,False,False,False,False,False,False,4,True,False,False,False,False,False,True
74,False,False,False,True,4526,False,False,False,False,True,24,False,False,True,False,False,1,True,False,False,True,False,3,False,False,False,True,1,True,False,False,False,False,True,True,False,False,False,False,False,False,False,False,False,False,False,False,True,2,True,False,False,False,False,False,True
33,False,True,False,False,2384,False,False,True,False,False,36,False,True,False,False,False,1,True,False,True,False,False,4,False,True,False,False,1,True,False,False,False,False,True,False,False,False,True,False,False,False,False,False,False,True,False,False,False,1,True,False,False,False,False,True,False
38,False,True,False,False,368,False,False,True,False,False,6,False,False,False,False,True,1,True,False,False,True,False,4,False,False,True,False,1,True,False,False,False,False,True,False,True,False,False,False,False,False,False,True,False,False,False,False,False,4,False,False,False,False,True,True,False
25,True,False,False,False,1433,False,False,False,False,True,15,False,False,True,False,False,2,True,False,True,False,False,4,False,False,True,False,1,True,False,False,False,False,True,False,True,False,False,False,False,False,True,False,False,False,False,False,False,3,True,False,False,False,False,True,False
34,False,False,True,False,2864,False,False,True,False,False,18,False,False,True,False,False,1,True,False,False,True,False,2,False,True,False,False,2,True,False,False,False,False,True,True,False,False,False,False,False,False,True,False,False,False,False,False,False,1,True,False,False,False,False,True,False
31,False,False,False,True,3430,False,False,True,False,False,24,False,False,False,False,True,1,True,False,False,True,False,3,False,False,True,False,2,True,False,False,False,False,True,False,False,True,False,False,False,False,False,True,False,False,False,False,False,2,False,False,True,False,False,False,True
36,False,False,False,True,6304,False,False,False,False,True,36,False,False,False,False,True,2,True,False,False,True,False,4,False,False,True,False,1,True,False,False,False,False,True,True,False,False,False,False,False,False,False,False,False,False,False,False,True,4,False,False,False,False,True,True,False
35,False,False,False,True,2670,False,False,True,False,False,24,False,False,False,False,True,1,True,False,False,True,False,4,False,False,False,True,1,True,False,False,False,False,True,False,False,True,False,False,True,False,False,False,False,False,False,False,False,4,True,False,False,False,False,False,True
28,False,False,False,True,1817,False,False,False,False,True,18,False,False,True,False,False,2,True,False,False,True,False,4,False,False,True,False,1,True,False,False,False,False,True,False,False,False,True,False,False,False,True,False,False,False,False,False,False,2,True,False,False,False,False,True,False
57,True,False,False,False,709,False,False,True,False,False,12,False,False,False,False,True,1,True,False,False,True,False,4,False,True,False,False,1,True,False,False,False,True,False,True,False,False,False,False,False,False,False,True,False,False,False,False,False,4,True,False,False,False,False,True,False
26,False,True,False,False,4280,True,False,False,False,False,30,False,False,True,False,False,2,True,False,True,False,False,4,False,True,False,False,1,True,False,False,False,False,True,False,False,True,False,False,False,False,False,False,False,False,False,False,True,4,False,True,False,False,False,True,False
22,True,False,False,False,2828,False,True,False,False,False,24,False,False,True,False,False,1,True,False,False,True,False,4,False,False,True,False,1,True,False,False,False,True,False,True,False,False,False,False,False,False,True,False,False,False,False,False,False,4,False,False,True,False,False,False,True
41,False,True,False,False,888,False,False,True,False,False,12,False,False,False,False,True,1,True,False,False,True,False,4,False,True,False,False,2,True,False,False,True,False,False,False,False,True,False,True,False,False,False,False,False,False,False,False,False,4,True,False,False,False,False,True,False
28,False,True,False,False,4221,True,False,False,False,False,30,False,False,True,False,False,2,True,False,False,True,False,2,False,False,True,False,1,True,False,False,False,False,True,False,False,True,False,False,False,False,False,False,False,False,False,False,True,1,True,False,False,False,False,True,False
37,True,False,False,False,1274,False,False,True,False,False,12,False,True,False,False,False,1,True,False,False,True,False,3,False,True,False,False,1,True,False,False,False,False,True,True,False,False,False,True,False,False,False,False,False,False,False,False,False,1,True,False,False,False,False,True,False
26,False,False,False,True,783,False,True,False,False,False,6,False,False,True,False,False,1,True,False,False,True,False,1,False,True,False,False,2,False,False,True,False,True,False,True,False,False,False,True,False,False,False,False,False,False,False,False,False,2,False,False,False,False,True,True,False
49,True,False,False,False,2964,False,False,True,False,False,24,False,False,False,False,True,1,True,False,False,False,True,4,False,False,True,False,2,True,False,False,True,False,False,False,False,False,True,False,True,False,False,False,False,False,False,False,False,4,False,False,False,False,True,False,True
31,False,True,False,False,6148,True,False,False,False,False,20,False,False,False,False,True,2,True,False,False,True,False,3,False,False,True,False,1,True,False,False,True,False,False,False,False,True,False,False,True,False,False,False,False,False,False,False,False,4,False,True,False,False,False,False,True
45,True,False,False,False,2303,False,False,True,False,False,24,False,False,False,False,True,1,True,False,False,True,False,4,False,False,True,False,1,False,True,False,False,False,True,True,False,False,False,True,False,False,False,False,False,False,False,False,False,1,True,False,False,False,False,True,False
44,True,False,False,False,3384,False,False,False,False,True,6,False,False,True,False,False,1,True,False,True,False,False,1,False,False,False,True,1,True,False,False,False,False,True,True,False,False,False,False,False,False,True,False,False,False,False,False,False,4,True,False,False,False,False,False,True
30,True,False,False,False,3959,False,False,True,False,False,36,True,False,False,False,False,1,True,False,False,True,False,4,False,False,False,True,1,True,False,False,False,False,True,False,True,False,False,False,False,False,True,False,False,False,False,False,False,3,True,False,False,False,False,False,True
41,False,False,False,True,1503,False,False,False,True,False,12,False,False,True,False,False,1,True,False,True,False,False,4,False,False,True,False,1,True,False,False,False,False,True,True,False,False,False,False,True,False,False,False,False,False,False,False,False,4,True,False,False,False,False,True,False
51,False,True,False,False,4771,False,False,False,True,False,11,False,False,False,True,False,1,True,False,False,True,False,2,False,False,True,False,1,True,False,False,False,False,True,False,True,False,False,False,False,False,False,True,False,False,False,False,False,4,True,False,False,False,False,True,False
41,False,True,False,False,3979,False,False,True,False,False,48,False,False,False,True,False,2,True,False,False,True,False,4,False,False,True,False,2,True,False,False,False,False,True,False,False,True,False,False,False,False,False,True,False,False,False,False,False,1,False,False,False,False,True,False,True
23,False,True,False,False,3573,False,False,False,False,True,12,False,False,True,False,False,1,True,False,False,True,False,1,False,True,False,False,1,True,False,False,False,False,True,True,False,False,False,False,False,False,False,True,False,False,False,False,False,1,True,False,False,False,False,True,False
33,True,False,False,False,2359,False,False,True,False,False,24,True,False,False,False,False,1,True,False,False,True,False,1,False,False,True,False,1,True,False,False,False,False,True,False,True,False,False,False,False,False,True,False,False,False,False,False,False,1,False,True,False,False,False,True,False
26,False,False,False,True,5117,False,False,False,True,False,27,False,False,False,True,False,2,True,False,False,True,False,3,False,False,True,False,1,True,False,False,False,False,True,False,False,True,False,False,False,False,False,False,False,False,False,False,True,4,True,False,False,False,False,True,False
51,True,False,False,False,1164,False,False,False,False,True,8,False,False,False,False,True,2,True,False,False,False,True,3,False,False,False,True,2,True,False,False,True,False,False,False,False,False,True,False,False,True,False,False,False,False,False,False,False,4,True,False,False,False,False,False,True
23,False,False,True,False,3913,False,False,True,False,False,36,False,False,True,False,False,1,True,False,False,True,False,2,False,False,True,False,1,True,False,False,False,False,True,True,False,False,False,False,False,False,False,True,False,False,False,False,False,2,True,False,False,False,False,False,True
25,False,True,False,False,3213,False,False,True,False,False,18,False,True,False,False,False,1,True,False,True,False,False,1,False,False,True,False,1,True,False,False,False,False,True,True,False,False,False,False,False,False,False,True,False,False,False,False,False,3,False,False,True,False,False,True,False
20,True,False,False,False,2039,False,False,True,False,False,18,False,False,True,False,False,1,True,False,True,False,False,1,False,False,True,False,1,True,False,False,True,False,False,True,False,False,False,False,False,False,True,False,False,False,False,False,False,4,True,False,False,False,False,True,False
23,False,False,True,False,1275,False,False,True,False,False,10,False,True,False,False,False,1,True,False,False,True,False,4,False,False,True,False,1,True,False,False,False,False,True,False,True,False,False,False,False,False,True,False,False,False,False,False,False,2,True,False,False,False,False,True,False
60,False,True,False,False,6468,False,False,True,False,False,20,True,False,False,False,False,1,True,False,False,True,False,1,False,False,False,True,1,True,False,False,False,False,True,True,False,False,False,False,True,False,False,False,False,False,False,False,False,4,False,False,False,False,True,False,True
21,False,True,False,False,3031,False,False,True,False,False,45,False,False,True,False,False,1,True,False,True,False,False,4,False,False,True,False,1,False,False,True,False,False,True,False,True,False,False,False,False,False,False,True,False,False,False,False,False,4,False,True,False,False,False,True,False
27,True,False,False,False,3416,False,False,True,False,False,27,False,False,True,False,False,1,True,False,False,True,False,3,False,False,False,True,1,True,False,False,False,False,True,False,False,True,False,False,False,False,False,True,False,False,False,False,False,2,True,False,False,False,False,True,False
26,False,False,False,True,10974,False,False,True,False,False,36,True,False,False,False,False,2,True,False,False,True,False,4,False,False,False,True,1,True,False,False,False,False,True,False,False,True,False,False,False,False,True,False,False,False,False,False,False,2,True,False,False,False,False,False,True
38,False,True,False,False,3512,False,False,True,False,False,24,False,False,False,True,False,2,True,False,False,True,False,2,False,False,True,False,1,True,False,False,True,False,False,False,False,True,False,True,False,False,False,False,False,False,False,False,False,3,False,True,False,False,False,False,True
33,False,True,False,False,1042,False,False,True,False,False,18,False,False,True,False,False,1,True,False,False,True,False,4,False,False,True,False,1,True,False,False,False,False,True,False,True,False,False,True,False,False,False,False,False,False,False,False,False,2,False,False,False,False,True,True,False
53,False,False,False,True,7485,False,True,False,False,False,30,True,False,False,False,False,1,True,False,False,True,False,4,False,False,False,True,1,True,False,False,True,False,False,True,False,False,False,False,True,False,False,False,False,False,False,False,False,1,False,False,False,False,True,False,True
35,True,False,False,False,1198,False,True,False,False,False,6,False,False,False,False,True,1,True,False,False,False,True,4,False,False,True,False,1,True,False,False,False,False,True,False,False,False,True,False,False,False,False,False,False,False,True,False,False,4,True,False,False,False,False,True,False
24,False,True,False,False,458,False,False,True,False,False,9,False,False,True,False,False,1,True,False,False,True,False,4,False,False,True,False,1,True,False,False,False,False,True,True,False,False,False,False,False,False,False,True,False,False,False,False,False,3,True,False,False,False,False,True,False
35,False,True,False,False,1549,False,False,True,False,False,9,False,True,False,False,False,1,True,False,False,True,False,4,True,False,False,False,1,True,False,False,False,False,True,True,False,False,False,True,False,False,False,False,False,False,False,False,False,2,False,False,False,False,True,True,False
33,False,False,False,True,1851,False,False,False,False,True,24,False,False,False,True,False,2,True,False,False,True,False,4,False,False,True,False,1,False,False,True,False,False,True,False,False,True,False,False,False,False,False,True,False,False,False,False,False,2,True,False,False,False,False,False,True
67,True,False,False,False,1169,False,False,False,False,True,6,False,False,False,False,True,2,True,False,False,True,False,4,False,False,True,False,1,True,False,False,False,False,True,True,False,False,False,False,False,False,False,True,False,False,False,False,False,4,False,False,False,False,True,False,True
47,False,False,True,False,3017,False,False,False,False,True,30,False,False,False,False,True,1,True,False,False,True,False,4,False,False,True,False,1,True,False,False,False,False,True,False,True,False,False,False,False,False,False,True,False,False,False,False,False,4,True,False,False,False,False,True,False
42,True,False,False,False,5493,False,False,True,False,False,36,False,False,False,False,True,1,True,False,False,False,True,2,False,False,True,False,2,True,False,False,False,False,True,False,False,False,True,False,True,False,False,False,False,False,False,False,False,4,True,False,False,False,False,True,False
25,False,True,False,False,1295,False,False,True,False,False,12,False,True,False,False,False,1,True,False,True,False,False,3,False,False,True,False,1,True,False,False,False,False,True,False,False,True,False,True,False,False,False,False,False,False,False,False,False,1,True,False,False,False,False,True,False
58,True,False,False,False,1755,False,False,True,False,False,24,False,False,False,False,True,1,True,False,False,True,False,4,False,True,False,False,1,False,False,True,False,False,True,True,False,False,False,False,False,True,False,False,False,False,False,False,False,4,True,False,False,False,False,False,True
38,False,False,False,True,2859,False,False,True,False,False,12,True,False,False,False,False,1,True,False,False,True,False,4,False,False,False,True,1,True,False,False,False,False,True,False,False,False,True,True,False,False,False,False,False,False,False,False,False,4,False,False,False,False,True,False,True
26,False,False,False,True,2404,False,False,False,False,True,18,False,False,True,False,False,2,True,False,False,True,False,2,False,False,True,False,1,True,False,False,False,False,True,False,False,True,False,False,False,False,False,True,False,False,False,False,False,2,True,False,False,False,False,True,False
24,False,True,False,False,433,False,True,False,False,False,6,False,True,False,False,False,1,True,False,True,False,False,4,False,False,True,False,2,True,False,False,True,False,False,False,True,False,False,False,False,False,False,False,False,False,True,False,False,2,False,False,False,True,False,True,False
36,False,True,False,False,7057,False,False,False,True,False,20,False,False,False,True,False,2,True,False,True,False,False,3,False,False,False,True,2,True,False,False,True,False,False,False,True,False,False,False,True,False,False,False,False,False,False,False,False,4,False,False,False,False,True,False,True
34,False,True,False,False,1860,False,False,False,False,True,12,True,False,False,False,False,2,True,False,False,True,False,4,False,False,False,True,1,True,False,False,False,False,True,False,False,True,False,False,True,False,False,False,False,False,False,False,False,2,True,False,False,False,False,False,True
30,False,True,False,False,2002,False,False,True,False,False,12,False,False,False,True,False,1,True,False,True,False,False,3,False,False,True,False,2,True,False,False,False,False,True,False,True,False,False,True,False,False,False,False,False,False,False,False,False,4,True,False,False,False,False,False,True
39,True,False,False,False,3249,False,False,True,False,False,36,False,False,False,True,False,1,True,False,False,False,True,2,False,False,False,True,2,True,False,False,True,False,False,False,False,False,True,True,False,False,False,False,False,False,False,False,False,4,True,False,False,False,False,False,True
24,True,False,False,False,2214,False,False,True,False,False,12,False,False,True,False,False,1,True,False,False,True,False,4,False,True,False,False,1,True,False,False,False,False,True,False,True,False,False,False,False,False,False,True,False,False,False,False,False,3,True,False,False,False,False,True,False
31,True,False,False,False,6758,False,False,True,False,False,48,False,False,True,False,False,1,True,False,False,True,False,3,False,False,True,False,1,True,False,False,False,False,True,False,False,True,False,False,False,False,False,True,False,False,False,False,False,2,True,False,False,False,False,False,True
41,False,False,True,False,2116,False,False,True,False,False,6,False,False,True,False,False,1,True,False,False,True,False,2,False,False,True,False,1,True,False,False,False,False,True,True,False,False,False,False,False,False,True,False,False,False,False,False,False,2,True,False,False,False,False,False,True
26,False,False,True,False,3749,False,False,True,False,False,24,False,True,False,False,False,1,True,False,False,True,False,2,False,False,True,False,1,True,False,False,False,False,True,False,False,True,False,False,False,False,True,False,False,False,False,False,False,4,True,False,False,False,False,True,False
19,False,False,False,True,1980,False,False,True,False,False,9,False,True,False,False,False,2,True,False,True,False,False,2,False,False,True,False,1,False,True,False,False,False,True,False,False,True,False,False,False,False,True,False,False,False,False,False,False,2,True,False,False,False,False,True,False
44,True,False,False,False,4716,False,False,False,False,True,6,False,True,False,False,False,2,True,False,False,True,False,1,False,True,False,False,2,True,False,False,False,False,True,True,False,False,False,True,False,False,False,False,False,False,False,False,False,3,False,False,False,False,True,True,False
24,True,False,False,False,9629,False,False,False,False,True,36,False,False,False,True,False,2,True,False,False,True,False,4,False,False,True,False,1,True,False,False,False,False,True,False,False,True,False,False,True,False,False,False,False,False,False,False,False,4,True,False,False,False,False,False,True
29,False,False,False,True,7166,False,False,True,False,False,42,False,False,False,True,False,1,True,False,True,False,False,2,False,False,True,False,1,True,False,False,False,False,True,False,True,False,False,False,False,False,False,True,False,False,False,False,False,4,False,False,False,False,True,False,True
23,True,False,False,False,8471,False,False,False,True,False,18,False,False,True,False,False,2,True,False,True,False,False,1,False,False,True,False,1,True,False,False,False,False,True,False,False,True,False,False,False,False,False,False,False,False,True,False,False,2,False,False,False,False,True,False,True
43,False,False,False,True,2197,False,False,False,False,True,24,False,False,False,True,False,2,True,False,False,True,False,4,False,False,True,False,2,True,False,False,False,False,True,False,False,True,False,False,True,False,False,False,False,False,False,False,False,4,False,False,False,False,True,False,True
27,False,True,False,False,1082,False,False,True,False,False,9,False,False,False,False,True,2,True,False,False,True,False,4,False,True,False,False,1,True,False,False,False,False,True,False,False,True,False,False,False,False,False,True,False,False,False,False,False,4,True,False,False,False,False,True,False
26,False,False,False,True,5433,False,False,True,False,False,24,True,False,False,False,False,1,True,False,True,False,False,2,False,False,False,True,1,True,False,False,False,False,True,False,True,False,False,False,True,False,False,False,False,False,False,False,False,4,False,False,False,False,True,False,True
31,False,False,False,True,1736,False,False,True,False,False,12,False,False,False,True,False,1,True,False,False,True,False,3,False,True,False,False,1,True,False,False,False,False,True,True,False,False,False,False,False,False,True,False,False,False,False,False,False,4,True,False,False,False,False,True,False
28,False,False,False,True,1249,False,False,True,False,False,24,False,True,False,False,False,1,True,False,False,True,False,4,False,False,True,False,1,True,False,False,False,False,True,True,False,False,False,True,False,False,False,False,False,False,False,False,False,2,True,False,False,False,False,True,False
24,False,False,False,True,874,False,False,True,False,False,15,False,True,False,False,False,1,True,False,False,True,False,4,False,False,True,False,1,True,False,False,False,False,True,True,False,False,False,False,False,False,False,False,True,False,False,False,False,1,False,False,False,False,True,True,False
44,True,False,False,False,6419,False,False,False,False,True,24,False,False,False,False,True,2,True,False,False,False,True,2,False,False,False,True,2,True,False,False,False,False,True,False,False,False,True,False,True,False,False,False,False,False,False,False,False,4,True,False,False,False,False,False,True
55,False,False,False,True,1555,False,False,False,True,False,12,False,False,False,False,True,2,True,False,False,False,True,4,False,False,True,False,2,True,False,False,False,False,True,False,False,False,True,False,False,False,False,False,False,True,False,False,False,4,False,False,False,True,False,True,False
43,True,False,False,False,1203,False,False,True,False,False,6,False,False,False,False,True,1,True,False,False,True,False,3,False,False,True,False,1,True,False,False,False,False,True,False,True,False,False,True,False,False,False,False,False,False,False,False,False,2,False,True,False,False,False,False,True
49,True,False,False,False,1038,False,False,False,False,True,10,False,False,False,True,False,2,True,False,False,True,False,4,False,False,True,False,1,False,True,False,False,False,True,False,True,False,False,True,False,False,False,False,False,False,False,False,False,3,True,False,False,False,False,False,True
45,True,False,False,False,4006,False,False,True,False,False,28,False,False,True,False,False,1,True,False,False,True,False,3,False,True,False,False,1,True,False,False,False,False,True,False,False,True,False,True,False,False,False,False,False,False,False,False,False,2,True,False,False,False,False,True,False
40,False,True,False,False,1155,False,False,True,False,False,12,False,False,False,False,True,2,True,False,False,True,False,3,False,True,False,False,1,False,False,True,True,False,False,True,False,False,False,False,False,False,False,True,False,False,False,False,False,3,True,False,False,False,False,True,False
38,False,True,False,False,12976,False,False,True,False,False,18,True,False,False,False,False,1,True,False,False,False,True,3,False,False,False,True,1,True,False,False,False,False,True,False,False,False,True,False,True,False,False,False,False,False,False,False,False,4,True,False,False,False,False,False,True
42,False,True,False,False,5084,False,False,True,False,False,24,False,False,False,False,True,1,True,False,False,True,False,2,False,False,True,False,1,True,False,False,False,False,True,False,False,True,False,False,False,False,False,True,False,False,False,False,False,4,False,False,False,False,True,False,True
31,False,False,False,True,2775,False,False,False,False,True,18,False,False,False,True,False,2,True,False,False,True,False,2,False,False,True,False,1,True,False,False,True,False,False,False,True,False,False,True,False,False,False,False,False,False,False,False,False,2,True,False,False,False,False,True,False
34,True,False,False,False,1842,False,False,True,False,False,36,False,True,False,False,False,1,True,False,False,True,False,4,False,False,True,False,1,True,False,False,False,False,True,False,False,True,False,True,False,False,False,False,False,False,False,False,False,4,True,False,False,False,False,False,True
33,False,False,False,True,2831,False,False,False,False,True,30,False,False,True,False,False,1,True,False,False,True,False,4,False,False,True,False,1,True,False,False,False,False,True,False,False,True,False,False,False,False,False,True,False,False,False,False,False,2,True,False,False,False,False,False,True
29,False,True,False,False,2629,False,False,False,True,False,20,False,False,True,False,False,2,True,False,False,True,False,2,False,False,True,False,1,True,False,False,True,False,False,False,False,True,False,False,False,True,False,False,False,False,False,False,False,3,True,False,False,False,False,False,True
33,False,True,False,False,3244,True,False,False,False,False,18,False,False,True,False,False,2,True,False,False,True,False,1,False,False,True,False,1,True,False,False,True,False,False,False,False,True,False,False,False,False,True,False,False,False,False,False,False,4,True,False,False,False,False,False,True
35,False,False,False,True,1291,False,False,False,False,True,12,False,False,True,False,False,2,True,False,False,True,False,4,False,False,True,False,1,True,False,False,False,False,True,False,True,False,False,False,False,False,False,True,False,False,False,False,False,2,True,False,False,False,False,True,False
50,False,False,False,True,1559,False,True,False,False,False,24,False,False,False,True,False,1,True,False,False,True,False,4,False,False,True,False,1,True,False,False,True,False,False,False,False,True,False,False,False,False,False,False,False,False,False,False,True,4,True,False,False,False,False,False,True
54,False,False,False,True,3568,False,False,True,False,False,15,False,False,False,False,True,1,True,False,True,False,False,4,False,False,False,True,1,True,False,False,True,False,False,False,False,True,False,False,False,False,False,True,False,False,False,False,False,2,True,False,False,False,False,False,True
34,False,False,False,True,2320,False,False,False,True,False,18,True,False,False,False,False,2,True,False,False,True,False,2,False,False,True,False,1,True,False,False,False,False,True,True,False,False,False,False,False,False,False,True,False,False,False,False,False,3,True,False,False,False,False,True,False
20,False,False,False,True,2221,False,False,True,False,False,15,False,False,True,False,False,1,True,False,True,False,False,2,False,False,True,False,1,True,False,False,False,False,True,False,False,True,False,False,False,False,True,False,False,False,False,False,False,4,False,False,True,False,False,True,False
44,False,False,False,True,5507,False,False,False,False,True,24,False,False,False,False,True,2,True,False,False,False,True,3,False,False,True,False,1,True,False,False,False,False,True,False,False,False,True,False,False,False,False,False,False,True,False,False,False,4,True,False,False,False,False,True,False
28,False,True,False,False,2631,False,False,True,False,False,15,False,False,True,False,False,2,True,False,True,False,False,2,False,False,True,False,1,True,False,False,False,False,True,False,False,True,False,True,False,False,False,False,False,False,False,False,False,4,False,True,False,False,False,False,True
41,False,False,False,True,3868,False,False,False,False,True,24,False,False,False,False,True,2,True,False,True,False,False,4,False,False,False,True,1,True,False,False,False,False,True,False,False,True,False,False,True,False,False,False,False,False,False,False,False,2,True,False,False,False,False,False,True
57,False,True,False,False,2225,False,False,False,True,False,36,False,False,False,False,True,2,True,False,False,False,True,4,False,False,True,False,1,True,False,False,True,False,False,False,False,False,True,True,False,False,False,False,False,False,False,False,False,4,True,False,False,False,False,False,True
37,False,True,False,False,3612,False,False,False,False,True,18,False,False,False,False,True,1,True,False,False,True,False,3,False,False,True,False,1,True,False,False,False,False,True,False,True,False,False,False,False,False,True,False,False,False,False,False,False,4,True,False,False,False,False,False,True
24,False,False,False,True,1554,False,False,False,False,True,6,False,False,False,True,False,2,True,False,True,False,False,1,False,False,True,False,1,True,False,False,False,False,True,False,False,True,False,False,False,False,False,True,False,False,False,False,False,2,True,False,False,False,False,False,True
64,False,False,False,True,1364,False,False,True,False,False,10,False,False,True,False,False,1,True,False,False,True,False,2,False,False,True,False,1,True,False,False,False,False,True,False,False,True,False,True,False,False,False,False,False,False,False,False,False,4,True,False,False,False,False,False,True
26,True,False,False,False,4370,False,False,False,True,False,42,False,False,False,True,False,2,True,False,False,True,False,3,False,False,True,False,2,True,False,False,True,False,False,False,True,False,False,False,False,False,False,True,False,False,False,False,False,2,True,False,False,False,False,False,True
22,False,False,False,True,2301,False,False,True,False,False,9,False,True,False,False,False,1,True,False,True,False,False,2,False,False,True,False,1,True,False,False,False,False,True,False,True,False,False,False,False,False,True,False,False,False,False,False,False,4,False,True,False,False,False,True,False
27,True,False,False,False,750,False,False,True,False,False,18,True,False,False,False,False,1,True,False,False,True,False,4,True,False,False,False,1,True,False,False,False,False,True,True,False,False,False,False,False,False,False,False,False,False,True,False,False,1,True,False,False,False,False,True,False
61,False,True,False,False,1512,False,False,False,True,False,15,False,False,True,False,False,2,True,False,False,True,False,3,False,False,True,False,1,True,False,False,False,True,False,False,True,False,False,False,False,False,False,False,False,True,False,False,False,3,False,False,False,True,False,True,False
36,False,True,False,False,884,False,False,False,False,True,18,False,False,False,False,True,1,True,False,False,True,False,4,False,False,True,False,2,True,False,False,True,False,False,False,False,True,False,True,False,False,False,False,False,False,False,False,False,4,True,False,False,False,False,False,True
45,False,False,False,True,1287,False,False,True,False,False,10,False,False,False,False,True,1,False,True,False,True,False,4,False,True,False,False,1,False,True,False,False,False,True,False,True,False,False,True,False,False,False,False,False,False,False,False,False,2,False,False,False,False,True,True,False
29,True,False,False,False,5179,False,False,True,False,False,36,False,False,False,True,False,1,True,False,False,True,False,4,False,False,True,False,1,True,False,False,False,False,True,False,True,False,False,False,False,False,True,False,False,False,False,False,False,2,True,False,False,False,False,True,False
22,False,False,False,True,1478,False,False,True,False,False,9,False,False,False,True,False,1,True,False,False,True,False,4,False,False,True,False,1,True,False,False,False,False,True,False,False,True,False,False,False,False,False,True,False,False,False,False,False,2,True,False,False,False,False,True,False
30,False,True,False,False,7966,False,False,True,False,False,26,False,True,False,False,False,2,True,False,False,True,False,2,False,False,True,False,1,True,False,False,False,False,True,False,False,True,False,False,True,False,False,False,False,False,False,False,False,3,True,False,False,False,False,True,False
22,False,True,False,False,3092,False,False,True,False,False,24,False,True,False,False,False,1,True,False,True,False,False,3,False,False,True,False,1,True,False,False,False,False,True,False,False,True,False,False,False,False,False,True,False,False,False,False,False,2,False,True,False,False,False,False,True
26,False,False,False,True,1386,False,False,True,False,False,12,False,False,True,False,False,1,True,False,False,True,False,2,False,False,True,False,1,True,False,False,False,False,True,False,True,False,False,True,False,False,False,False,False,False,False,False,False,2,False,False,True,False,False,True,False
36,True,False,False,False,1372,False,False,True,False,False,12,False,False,False,True,False,1,True,False,False,True,False,2,False,False,True,False,1,True,False,False,False,False,True,False,False,True,False,True,False,False,False,False,False,False,False,False,False,3,True,False,False,False,False,True,False
59,False,True,False,False,6416,False,True,False,False,False,48,False,False,False,False,True,1,True,False,True,False,False,4,False,False,True,False,1,True,False,False,False,False,True,False,False,False,True,False,False,False,False,False,False,False,False,False,True,3,True,False,False,False,False,True,False
30,False,False,False,True,8133,False,False,True,False,False,36,False,False,True,False,False,1,True,False,False,True,False,1,False,False,True,False,1,True,False,False,True,False,False,False,True,False,False,False,True,False,False,False,False,False,False,False,False,2,True,False,False,False,False,True,False
27,True,False,False,False,2389,False,False,True,False,False,18,False,True,False,False,False,1,True,False,False,True,False,4,False,False,True,False,1,True,False,False,False,True,False,False,False,True,False,False,False,False,False,True,False,False,False,False,False,1,True,False,False,False,False,True,False
50,False,False,True,False,1047,False,False,False,False,True,6,False,False,True,False,False,1,True,False,False,True,False,2,False,True,False,False,1,True,False,False,False,False,True,False,True,False,False,False,False,False,False,False,False,False,True,False,False,4,True,False,False,False,False,True,False
26,False,True,False,False,1113,False,False,True,False,False,18,False,False,True,False,False,1,True,False,False,True,False,4,False,True,False,False,2,False,False,True,False,False,True,True,False,False,False,False,False,False,False,True,False,False,False,False,False,4,True,False,False,False,False,True,False
44,True,False,False,False,1553,False,True,False,False,False,18,False,False,True,False,False,1,True,False,False,True,False,4,False,False,True,False,1,True,False,False,True,False,False,False,False,True,False,False,False,False,True,False,False,False,False,False,False,3,True,False,False,False,False,True,False
47,False,False,False,True,3578,False,False,False,False,True,48,False,False,False,False,True,1,True,False,False,True,False,4,False,False,True,False,1,True,False,False,False,False,True,True,False,False,False,False,False,False,False,True,False,False,False,False,False,1,False,False,False,False,True,False,True
24,False,True,False,False,6560,False,False,True,False,False,48,False,False,False,True,False,1,True,False,False,True,False,3,False,False,True,False,1,True,False,False,False,False,True,False,True,False,False,True,False,False,False,False,False,False,False,False,False,2,False,True,False,False,False,True,False
42,False,False,False,True,1455,False,False,False,False,True,4,False,False,False,True,False,3,True,False,False,True,False,2,False,True,False,False,2,True,False,False,False,False,True,True,False,False,False,True,False,False,False,False,False,False,False,False,False,1,True,False,False,False,False,True,False
32,True,False,False,False,2325,False,True,False,False,False,24,False,False,False,True,False,1,True,False,False,True,False,2,False,False,True,False,1,True,False,False,True,False,False,False,False,True,False,True,False,False,False,False,False,False,False,False,False,3,False,True,False,False,False,True,False
35,False,False,False,True,2684,False,False,False,False,True,24,False,False,True,False,False,2,True,False,False,True,False,4,False,True,False,False,1,True,False,False,False,False,True,True,False,False,False,False,False,False,False,True,False,False,False,False,False,2,True,False,False,False,False,True,False
31,False,True,False,False,1935,False,False,False,False,True,24,False,False,False,False,True,2,True,False,False,True,False,4,False,False,True,False,1,True,False,False,False,False,True,True,False,False,False,False,False,False,False,False,False,False,False,False,True,4,True,False,False,False,False,False,True
46,False,False,True,False,1343,False,False,False,False,True,6,False,False,False,False,True,2,False,True,False,True,False,1,False,False,True,False,2,True,False,False,False,False,True,True,False,False,False,True,False,False,False,False,False,False,False,False,False,4,True,False,False,False,False,True,False
29,False,False,False,True,5003,True,False,False,False,False,21,False,False,True,False,False,2,True,False,False,True,False,1,False,False,True,False,1,True,False,False,True,False,False,False,True,False,False,True,False,False,False,False,False,False,False,False,False,4,False,False,False,False,True,False,True
38,False,False,False,True,5954,False,False,False,False,True,30,False,False,False,True,False,1,True,False,False,True,False,3,False,False,True,False,1,False,True,False,False,False,True,False,False,True,False,False,False,False,False,True,False,False,False,False,False,2,True,False,False,False,False,True,False
30,True,False,False,False,1620,False,False,True,False,False,12,False,False,True,False,False,1,True,False,False,True,False,2,False,False,True,False,1,False,True,False,False,False,True,False,True,False,False,False,False,False,True,False,False,False,False,False,False,3,True,False,False,False,False,True,False
36,True,False,False,False,1940,False,True,False,False,False,18,False,True,False,False,False,1,True,False,False,False,True,3,False,False,False,True,1,False,True,False,True,False,False,False,False,False,True,False,False,False,False,True,False,False,False,False,False,4,True,False,False,False,False,False,True
23,False,False,False,True,3488,False,False,True,False,False,24,False,False,False,True,False,1,True,False,False,True,False,3,False,False,True,False,1,True,False,False,False,False,True,False,False,True,False,False,True,False,False,False,False,False,False,False,False,4,False,True,False,False,False,True,False
34,False,True,False,False,3017,False,False,True,False,False,12,False,True,False,False,False,1,True,False,True,False,False,3,False,False,False,True,1,True,False,False,False,False,True,True,False,False,False,False,False,False,True,False,False,False,False,False,False,1,True,False,False,False,False,True,False
36,False,False,False,True,1542,False,False,True,False,False,12,False,False,False,True,False,1,True,False,False,True,False,2,False,False,True,False,1,True,False,False,False,False,True,False,False,True,False,False,False,False,False,False,False,False,False,False,True,4,True,False,False,False,False,False,True
35,False,True,False,False,3976,False,False,True,False,False,21,False,False,False,True,False,1,True,False,False,True,False,2,False,False,True,False,1,True,False,False,False,False,True,False,False,True,False,False,False,False,True,False,False,False,False,False,False,3,False,False,False,False,True,False,True
52,False,False,False,True,362,False,False,False,False,True,6,False,False,True,False,False,2,True,False,False,True,False,4,False,True,False,False,1,True,False,False,False,False,True,False,False,True,False,True,False,False,False,False,False,False,False,False,False,4,False,True,False,False,False,True,False
34,False,False,False,True,1950,False,False,True,False,False,18,False,False,False,True,False,2,True,False,False,True,False,4,False,False,True,False,1,True,False,False,False,True,False,False,False,True,False,False,False,False,False,False,False,False,False,False,True,1,True,False,False,False,False,False,True
38,False,False,False,True,926,False,False,False,False,True,12,True,False,False,False,False,1,True,False,False,True,False,1,True,False,False,False,1,True,False,False,False,False,True,False,True,False,False,True,False,False,False,False,False,False,False,False,False,2,True,False,False,False,False,True,False
37,False,False,False,True,10222,False,False,True,False,False,48,False,False,False,True,False,1,True,False,False,True,False,4,False,False,True,False,1,True,False,False,False,True,False,False,False,True,False,False,False,False,False,True,False,False,False,False,False,3,False,False,False,False,True,False,True
21,False,True,False,False,2779,False,False,True,False,False,18,False,False,True,False,False,1,True,False,True,False,False,1,False,False,True,False,1,True,False,False,False,False,True,False,False,True,False,False,True,False,False,False,False,False,False,False,False,3,True,False,False,False,False,False,True
53,True,False,False,False,7865,False,False,True,False,False,12,False,False,False,False,True,1,True,False,False,False,True,4,False,False,False,True,1,True,False,False,False,False,True,False,False,False,True,False,False,False,True,False,False,False,False,False,False,4,True,False,False,False,False,False,True
54,False,True,False,False,7432,False,False,False,True,False,36,False,False,True,False,False,1,True,False,True,False,False,2,False,False,True,False,1,True,False,False,False,False,True,False,True,False,False,True,False,False,False,False,False,False,False,False,False,2,True,False,False,False,False,True,False
34,False,False,False,True,1898,False,False,False,False,True,6,False,False,True,False,False,2,True,False,False,True,False,1,False,True,False,False,2,True,False,False,False,False,True,True,False,False,False,False,False,False,False,True,False,False,False,False,False,2,False,False,False,False,True,True,False
63,False,False,True,False,781,False,False,False,False,True,10,False,False,False,False,True,2,True,False,False,False,True,4,False,False,True,False,1,True,False,False,False,False,True,False,False,False,True,True,False,False,False,False,False,False,False,False,False,4,True,False,False,False,False,False,True
32,False,False,False,True,629,False,False,False,False,True,18,False,False,False,False,True,2,True,False,False,True,False,4,False,False,False,True,1,True,False,False,True,False,False,False,True,False,False,False,False,False,False,True,False,False,False,False,False,3,False,False,True,False,False,False,True
21,False,False,False,True,15653,False,False,False,True,False,60,False,False,False,True,False,2,True,False,False,True,False,2,False,False,True,False,1,True,False,False,False,False,True,False,False,True,False,False,False,False,False,True,False,False,False,False,False,4,True,False,False,False,False,False,True
27,True,False,False,False,3643,False,False,False,True,False,15,False,False,False,False,True,2,True,False,False,True,False,1,False,True,False,False,1,True,False,False,False,False,True,False,True,False,False,False,False,False,True,False,False,False,False,False,False,4,True,False,False,False,False,True,False
28,False,True,False,False,6260,False,False,True,False,False,18,False,False,False,True,False,1,True,False,True,False,False,3,False,True,False,False,1,True,False,False,False,False,True,True,False,False,False,True,False,False,False,False,False,False,False,False,False,3,True,False,False,False,False,True,False
30,False,False,False,True,960,False,False,False,True,False,15,False,False,False,True,False,2,True,False,False,True,False,3,False,False,True,False,1,True,False,False,False,False,True,False,True,False,False,False,False,False,True,False,False,False,False,False,False,2,False,False,False,True,False,True,False
28,False,False,False,True,3595,False,False,True,False,False,36,False,False,False,False,True,1,True,False,False,True,False,4,False,False,True,False,1,True,False,False,False,False,True,False,False,True,False,False,False,False,False,True,False,False,False,False,False,2,True,False,False,False,False,True,False
54,False,False,False,True,1597,False,False,False,False,True,24,False,False,False,False,True,2,True,False,False,False,True,4,False,False,True,False,2,True,False,False,False,False,True,False,False,False,True,False,False,False,False,False,False,False,True,False,False,4,True,False,False,False,False,True,False
24,True,False,False,False,652,False,False,True,False,False,12,False,False,False,False,True,1,True,False,True,False,False,4,False,False,True,False,1,True,False,False,False,False,True,False,True,False,False,False,False,False,True,False,False,False,False,False,False,4,True,False,False,False,False,True,False
36,False,True,False,False,1913,False,False,True,False,False,18,False,True,False,False,False,1,True,False,False,True,False,3,False,False,True,False,1,True,False,False,True,False,False,True,False,False,False,False,False,False,False,False,False,False,False,False,True,3,False,False,False,True,False,False,True
46,True,False,False,False,2348,False,False,False,False,True,36,False,False,True,False,False,2,True,False,False,True,False,3,False,False,True,False,1,True,False,False,False,False,True,False,True,False,False,False,False,False,True,False,False,False,False,False,False,2,True,False,False,False,False,False,True
38,False,False,False,True,1495,False,False,False,False,True,12,False,False,False,False,True,2,True,False,False,True,False,4,False,True,False,False,2,True,False,False,False,False,True,True,False,False,False,True,False,False,False,False,False,False,False,False,False,1,True,False,False,False,False,True,False
27,False,True,False,False,2326,False,False,False,False,True,15,False,False,True,False,False,1,True,False,False,True,False,2,False,False,True,False,1,True,False,False,True,False,False,False,False,True,False,False,False,False,False,False,False,False,False,False,True,4,False,False,True,False,False,True,False
34,False,False,False,True,1525,False,False,True,False,False,24,False,False,False,True,False,1,True,False,False,True,False,4,False,False,True,False,2,True,False,False,False,False,True,False,False,True,False,True,False,False,False,False,False,False,False,False,False,3,False,False,False,True,False,False,True
24,True,False,False,False,1747,False,False,True,False,False,24,False,True,False,False,False,1,False,True,False,True,False,4,False,True,False,False,1,False,True,False,False,False,True,False,True,False,False,False,False,False,True,False,False,False,False,False,False,1,True,False,False,False,False,True,False
25,True,False,False,False,2136,False,False,True,False,False,9,False,False,True,False,False,1,True,False,False,True,False,3,False,False,True,False,1,True,False,False,False,False,True,True,False,False,False,False,False,False,True,False,False,False,False,False,False,2,True,False,False,False,False,True,False
36,False,False,False,True,3079,False,False,True,False,False,36,False,False,True,False,False,1,True,False,False,True,False,4,False,False,True,False,1,True,False,False,False,False,True,True,False,False,False,True,False,False,False,False,False,False,False,False,False,4,False,False,False,False,True,True,False
23,False,False,False,True,2288,False,False,False,False,True,21,False,True,False,False,False,1,True,False,False,True,False,4,False,False,True,False,1,True,False,False,False,False,True,False,True,False,False,False,False,False,True,False,False,False,False,False,False,4,True,False,False,False,False,False,True
47,False,False,False,True,1984,False,False,True,False,False,18,False,False,True,False,False,2,True,False,False,False,True,4,False,False,True,False,1,True,False,False,True,False,False,False,False,False,True,False,False,False,True,False,False,False,False,False,False,4,True,False,False,False,False,True,False
43,False,False,False,True,1516,False,False,False,False,True,24,False,False,True,False,False,2,True,False,False,True,False,4,False,True,False,False,1,True,False,False,False,False,True,True,False,False,False,False,False,False,False,True,False,False,False,False,False,1,False,False,False,True,False,True,False
28,True,False,False,False,654,False,False,True,False,False,9,False,False,True,False,False,1,True,False,False,True,False,4,False,True,False,False,1,True,False,False,False,False,True,False,False,True,False,True,False,False,False,False,False,False,False,False,False,3,True,False,False,False,False,True,False
20,True,False,False,False,674,False,False,True,False,False,12,False,False,False,True,False,1,True,False,False,True,False,4,False,False,True,False,1,True,False,False,False,False,True,False,True,False,False,False,False,False,False,True,False,False,False,False,False,1,False,True,False,False,False,True,False
42,False,False,False,True,2292,False,False,False,False,True,12,True,False,False,False,False,2,True,False,False,True,False,4,False,False,False,True,1,True,False,False,False,True,False,False,False,True,False,False,False,False,False,False,False,False,False,False,True,2,True,False,False,False,False,False,True
26,False,True,False,False,625,False,False,True,False,False,12,False,True,False,False,False,1,True,False,False,True,False,4,False,True,False,False,1,False,False,True,True,False,False,True,False,False,False,False,False,False,False,True,False,False,False,False,False,1,True,False,False,False,False,True,False
48,False,False,False,True,2134,False,False,False,False,True,9,False,False,True,False,False,3,True,False,False,True,False,4,False,False,True,False,1,True,False,False,False,False,True,False,False,True,False,True,False,False,False,False,False,False,False,False,False,4,True,False,False,False,False,False,True
24,False,True,False,False,5743,False,False,False,False,True,24,False,True,False,False,False,2,True,False,False,False,True,2,False,False,True,False,1,True,False,False,False,False,True,False,False,False,True,False,False,False,False,False,False,False,True,False,False,4,True,False,False,False,False,False,True
22,True,False,False,False,3973,False,False,True,False,False,14,True,False,False,False,False,1,True,False,False,False,True,1,False,False,True,False,1,True,False,False,False,False,True,False,False,False,True,True,False,False,False,False,False,False,False,False,False,4,True,False,False,False,False,True,False
36,False,False,True,False,1275,False,False,False,False,True,24,False,False,True,False,False,2,True,False,False,True,False,2,False,False,True,False,1,True,False,False,False,False,True,True,False,False,False,False,False,False,False,False,False,False,False,False,True,4,False,False,False,True,False,False,True
45,False,False,True,False,3049,False,False,True,False,False,18,False,True,False,False,False,1,True,False,False,True,False,1,False,True,False,False,1,True,False,False,False,True,False,False,True,False,False,False,False,False,True,False,False,False,False,False,False,1,True,False,False,False,False,True,False
43,False,False,False,True,1935,False,False,False,False,True,12,False,False,False,False,True,3,True,False,False,True,False,4,False,False,True,False,1,True,False,False,False,False,True,True,False,False,False,False,False,False,True,False,False,False,False,False,False,4,True,False,False,False,False,False,True
56,False,False,False,True,618,False,False,False,False,True,12,False,False,False,False,True,1,True,False,False,True,False,4,False,False,True,False,1,True,False,False,False,False,True,True,False,False,False,False,False,False,False,True,False,False,False,False,False,4,True,False,False,False,False,True,False
29,False,False,False,True,2171,False,False,True,False,False,12,False,True,False,False,False,1,True,False,False,True,False,2,False,False,True,False,1,True,False,False,True,False,False,False,False,True,False,False,False,False,False,True,False,False,False,False,False,2,True,False,False,False,False,True,False
30,False,True,False,False,5866,False,False,True,False,False,18,False,False,True,False,False,2,True,False,False,True,False,2,False,False,True,False,1,True,False,False,False,False,True,False,False,True,False,True,False,False,False,False,False,False,False,False,False,2,False,True,False,False,False,False,True
60,False,True,False,False,14782,False,True,False,False,False,60,False,False,False,False,True,2,True,False,False,False,True,3,False,False,False,True,1,True,False,False,True,False,False,False,False,False,True,False,False,True,False,False,False,False,False,False,False,4,False,True,False,False,False,False,True
31,True,False,False,False,6350,False,False,True,False,False,30,False,False,False,False,True,1,True,False,False,True,False,4,False,False,True,False,1,True,False,False,False,False,True,False,True,False,False,False,False,False,True,False,False,False,False,False,False,4,False,False,False,False,True,True,False
30,False,False,False,True,2333,False,False,True,False,False,30,False,False,False,False,True,1,True,False,False,True,False,4,False,False,False,True,1,True,False,False,True,False,False,False,False,True,False,False,False,False,False,True,False,False,False,False,False,2,False,False,True,False,False,True,False
24,True,False,False,False,6187,False,False,False,False,True,30,False,False,False,True,False,2,True,False,True,False,False,1,False,False,True,False,1,True,False,False,False,False,True,False,False,True,False,False,True,False,False,False,False,False,False,False,False,4,False,True,False,False,False,True,False
64,False,True,False,False,753,False,False,True,False,False,6,False,False,True,False,False,1,True,False,False,True,False,2,False,False,True,False,1,False,False,True,False,False,True,True,False,False,False,False,False,False,False,True,False,False,False,False,False,3,True,False,False,False,False,True,False
23,True,False,False,False,976,False,False,True,False,False,18,False,True,False,False,False,1,True,False,False,True,False,1,False,True,False,False,1,True,False,False,False,False,True,False,False,True,False,True,False,False,False,False,False,False,False,False,False,2,True,False,False,False,False,True,False
38,False,False,True,False,947,False,False,True,False,False,24,False,False,False,True,False,1,True,False,False,False,True,4,False,False,True,False,2,True,False,False,True,False,False,False,False,False,True,True,False,False,False,False,False,False,False,False,False,3,True,False,False,False,False,True,False
61,False,False,False,True,2012,False,False,False,False,True,12,False,False,False,True,False,1,True,False,False,True,False,4,False,False,True,False,1,True,False,False,False,False,True,False,False,True,False,False,False,False,False,False,False,False,True,False,False,2,False,False,False,False,True,True,False
27,False,False,False,True,802,False,False,False,True,False,14,False,False,True,False,False,2,True,False,False,True,False,4,False,True,False,False,1,True,False,False,False,False,True,False,False,True,False,True,False,False,False,False,False,False,False,False,False,2,True,False,False,False,False,True,False
27,False,False,False,True,3850,False,False,False,False,True,18,False,False,False,True,False,2,True,False,False,True,False,3,False,False,True,False,1,True,False,False,False,False,True,False,False,True,False,False,True,False,False,False,False,False,False,False,False,1,True,False,False,False,False,True,False
48,True,False,False,False,1082,True,False,False,False,False,12,False,False,True,False,False,2,True,False,False,True,False,4,False,False,True,False,1,True,False,False,True,False,False,False,False,True,False,True,False,False,False,False,False,False,False,False,False,4,True,False,False,False,False,True,False
46,True,False,False,False,6331,False,False,False,False,True,48,False,False,False,False,True,2,True,False,False,False,True,4,False,False,True,False,1,True,False,False,False,False,True,False,False,False,True,False,True,False,False,False,False,False,False,False,False,4,True,False,False,False,False,False,True
22,False,True,False,False,1331,False,False,True,False,False,12,False,True,False,False,False,1,True,False,False,True,False,2,False,False,True,False,1,True,False,False,False,True,False,False,False,True,False,False,False,False,False,True,False,False,False,False,False,1,True,False,False,False,False,True,False
25,False,False,False,True,2238,False,False,False,False,True,18,False,False,True,False,False,2,True,False,False,True,False,2,False,False,True,False,1,True,False,False,False,False,True,False,False,True,False,False,False,False,False,True,False,False,False,False,False,1,True,False,False,False,False,True,False
27,False,True,False,False,1295,False,False,False,False,True,18,False,True,False,False,False,2,True,False,False,True,False,4,False,False,True,False,1,True,False,False,False,False,True,False,True,False,False,False,False,False,True,False,False,False,False,False,False,1,True,False,False,False,False,True,False
40,False,False,False,True,2675,False,False,True,False,False,22,False,False,False,False,True,1,True,False,False,True,False,3,False,False,True,False,1,True,False,False,False,False,True,False,False,True,False,False,False,False,False,True,False,False,False,False,False,4,False,False,True,False,False,True,False
37,False,True,False,False,2118,False,False,True,False,False,9,False,False,True,False,False,1,True,False,False,True,False,2,False,True,False,False,2,True,False,False,False,False,True,True,False,False,False,False,False,False,False,True,False,False,False,False,False,2,True,False,False,False,False,True,False
42,False,False,False,True,1346,False,False,True,False,False,6,False,False,False,False,True,1,True,False,False,False,True,2,False,False,True,False,2,True,False,False,True,False,False,False,False,False,True,False,False,False,False,True,False,False,False,False,False,4,False,True,False,False,False,False,True
24,False,False,True,False,5848,False,False,True,False,False,36,False,False,True,False,False,1,True,False,False,True,False,4,False,False,True,False,1,True,False,False,False,False,True,False,False,True,False,False,False,False,False,True,False,False,False,False,False,1,True,False,False,False,False,True,False
33,False,False,False,True,1927,False,False,False,False,True,24,False,False,True,False,False,2,True,False,False,True,False,3,False,False,True,False,1,True,False,False,False,False,True,False,False,True,False,False,False,False,False,False,False,False,True,False,False,2,False,False,False,False,True,False,True
57,True,False,False,False,3622,False,False,True,False,False,30,False,False,False,False,True,2,True,False,True,False,False,4,False,False,True,False,1,True,False,False,False,False,True,False,True,False,False,False,False,False,True,False,False,False,False,False,False,4,False,False,False,True,False,False,True
46,False,False,False,True,3594,False,False,False,True,False,15,False,True,False,False,False,2,True,False,False,True,False,1,False,True,False,False,1,True,False,False,False,False,True,False,True,False,False,False,True,False,False,False,False,False,False,False,False,2,True,False,False,False,False,True,False
23,False,True,False,False,1246,False,False,True,False,False,24,False,True,False,False,False,1,True,False,False,True,False,4,False,True,False,False,1,True,False,False,False,True,False,True,False,False,False,True,False,False,False,False,False,False,False,False,False,2,True,False,False,False,False,True,False
31,True,False,False,False,4817,False,False,True,False,False,24,False,False,False,True,False,1,True,False,False,True,False,2,False,False,True,False,1,False,True,False,False,False,True,False,True,False,False,True,False,False,False,False,False,False,False,False,False,3,True,False,False,False,False,False,True
25,False,True,False,False,2991,False,False,True,False,False,30,False,False,False,False,True,1,True,False,False,True,False,2,False,False,True,False,1,True,False,False,False,False,True,False,False,True,False,False,False,False,False,True,False,False,False,False,False,4,False,False,False,False,True,True,False
26,False,True,False,False,1201,False,False,True,False,False,24,False,True,False,False,False,1,True,False,False,True,False,4,False,False,True,False,1,True,False,False,False,False,True,False,True,False,False,True,False,False,False,False,False,False,False,False,False,1,True,False,False,False,False,True,False
25,True,False,False,False,2473,False,False,True,False,False,18,True,False,False,False,False,1,True,False,False,True,False,4,True,False,False,False,1,True,False,False,False,False,True,False,False,True,False,False,False,False,True,False,False,False,False,False,False,1,True,False,False,False,False,True,False
29,False,False,True,False,1494,False,False,True,False,False,4,False,True,False,False,False,1,False,True,False,True,False,1,False,True,False,False,2,True,False,False,False,False,True,True,False,False,False,True,False,False,False,False,False,False,False,False,False,2,False,False,False,False,True,True,False
41,False,True,False,False,2503,False,False,False,True,False,30,False,False,False,False,True,2,True,False,False,True,False,4,False,False,True,False,1,True,False,False,False,True,False,False,True,False,False,False,False,False,False,False,False,False,False,False,True,2,False,True,False,False,False,True,False
37,False,False,False,True,7409,False,False,True,False,False,36,False,False,False,False,True,2,True,False,False,True,False,3,False,False,True,False,1,True,False,False,False,False,True,False,True,False,False,False,False,False,False,False,False,False,False,False,True,2,False,False,False,False,True,True,False
31,False,False,True,False,3148,False,False,False,False,True,24,False,False,True,False,False,2,True,False,False,True,False,3,False,False,True,False,1,True,False,False,False,False,True,False,False,True,False,False,False,False,False,True,False,False,False,False,False,2,False,False,False,False,True,False,True
37,False,False,False,True,12749,False,False,False,True,False,48,False,False,False,True,False,1,True,False,False,True,False,4,False,False,False,True,1,True,False,False,False,False,True,False,False,True,False,False,False,False,False,True,False,False,False,False,False,1,False,False,True,False,False,False,True
31,False,True,False,False,9857,False,False,False,True,False,36,False,False,False,True,False,2,True,False,False,True,False,1,False,True,False,False,2,True,False,False,False,False,True,False,True,False,False,False,False,False,False,False,False,False,False,False,True,3,False,True,False,False,False,False,True
32,False,True,False,False,1301,False,False,True,False,False,18,False,False,False,False,True,1,True,False,False,True,False,4,False,True,False,False,1,False,False,True,False,False,True,True,False,False,False,False,False,False,False,True,False,False,False,False,False,2,True,False,False,False,False,True,False
21,True,False,False,False,902,False,False,True,False,False,12,False,False,False,True,False,1,True,False,True,False,False,4,False,False,True,False,1,True,False,False,False,False,True,False,True,False,False,False,False,False,False,False,False,False,False,True,False,4,True,False,False,False,False,True,False
23,True,False,False,False,900,False,False,True,False,False,12,False,False,True,False,False,1,True,False,False,True,False,4,False,False,True,False,1,True,False,False,False,False,True,False,False,True,False,True,False,False,False,False,False,False,False,False,False,2,False,False,False,False,True,True,False
28,False,False,False,True,2169,False,False,False,True,False,18,False,False,True,False,False,1,True,False,False,True,False,4,False,False,True,False,1,True,False,False,False,False,True,False,False,True,False,False,False,False,False,False,False,False,False,False,True,2,True,False,False,False,False,False,True
22,True,False,False,False,1858,False,False,True,False,False,12,False,True,False,False,False,1,True,False,True,False,False,4,False,False,True,False,1,True,False,False,False,False,True,False,False,True,False,False,False,False,True,False,False,False,False,False,False,1,True,False,False,False,False,True,False
47,False,False,False,True,2538,False,False,False,True,False,24,False,False,False,False,True,2,True,False,False,True,False,4,False,True,False,False,2,True,False,False,False,False,True,False,False,True,False,True,False,False,False,False,False,False,False,False,False,4,True,False,False,False,False,True,False
24,True,False,False,False,3763,False,False,True,False,False,21,False,False,False,True,False,1,False,True,False,True,False,2,False,True,False,False,1,False,True,False,False,False,True,True,False,False,False,True,False,False,False,False,False,False,False,False,False,2,False,False,False,False,True,True,False
40,True,False,False,False,701,False,False,True,False,False,12,False,False,True,False,False,1,True,False,False,True,False,4,False,True,False,False,1,True,False,False,False,False,True,True,False,False,False,False,False,False,False,True,False,False,False,False,False,2,True,False,False,False,False,True,False
27,False,False,False,True,2463,False,False,False,False,True,24,False,False,False,True,False,2,True,False,False,True,False,4,False,False,True,False,1,True,False,False,False,False,True,False,True,False,False,True,False,False,False,False,False,False,False,False,False,3,False,True,False,False,False,False,True
33,False,False,False,True,4844,False,False,True,False,False,48,True,False,False,False,False,1,True,False,True,False,False,3,False,False,False,True,1,True,False,False,True,False,False,False,False,True,False,False,False,False,False,False,False,False,False,False,True,2,True,False,False,False,False,False,True
22,False,True,False,False,1670,False,False,True,False,False,9,False,True,False,False,False,1,True,False,False,True,False,4,False,False,True,False,1,True,False,False,False,False,True,False,False,True,False,False,False,False,False,True,False,False,False,False,False,2,True,False,False,False,False,False,True
30,False,True,False,False,4455,False,False,False,True,False,36,False,False,True,False,False,2,True,False,False,True,False,2,False,False,False,True,1,True,False,False,False,True,False,True,False,False,False,False,False,False,False,False,False,False,False,False,True,2,True,False,False,False,False,False,True
23,False,False,False,True,7127,False,False,False,False,True,36,False,True,False,False,False,2,True,False,True,False,False,2,False,False,True,False,1,True,False,False,False,False,True,False,True,False,False,False,False,False,True,False,False,False,False,False,False,4,True,False,False,False,False,False,True
44,True,False,False,False,1478,False,False,False,False,True,15,False,False,False,False,True,2,True,False,False,True,False,4,False,False,True,False,2,True,False,False,False,False,True,False,False,True,False,False,False,False,True,False,False,False,False,False,False,4,True,False,False,False,False,False,True
47,False,False,True,False,1377,False,False,True,False,False,24,False,False,False,False,True,1,True,False,False,False,True,4,False,False,True,False,1,True,False,False,False,False,True,False,False,False,True,False,False,False,False,True,False,False,False,False,False,2,False,True,False,False,False,False,True
40,True,False,False,False,1647,False,True,False,False,False,21,False,False,True,False,False,2,True,False,False,True,False,4,False,True,False,False,2,True,False,False,False,False,True,False,True,False,False,True,False,False,False,False,False,False,False,False,False,2,False,False,False,False,True,True,False
34,False,False,False,True,1743,False,False,False,True,False,6,False,False,True,False,False,2,True,False,False,True,False,1,False,True,False,False,1,True,False,False,False,False,True,True,False,False,False,False,False,False,False,False,False,False,False,False,True,2,False,True,False,False,False,True,False
48,True,False,False,False,1288,False,False,False,False,True,9,False,False,False,False,True,2,False,True,False,True,False,3,False,False,True,False,2,False,False,True,False,False,True,True,False,False,False,False,False,False,False,False,False,True,False,False,False,4,False,True,False,False,False,True,False
29,True,False,False,False,915,False,False,True,False,False,24,False,False,False,False,True,1,True,False,False,True,False,4,False,False,True,False,1,True,False,False,True,False,False,False,False,True,False,True,False,False,False,False,False,False,False,False,False,2,False,False,False,False,True,True,False
36,False,False,False,True,846,False,False,False,True,False,7,False,False,False,False,True,1,True,False,False,False,True,3,False,False,True,False,1,True,False,False,False,False,True,False,False,False,True,False,False,False,False,True,False,False,False,False,False,4,False,False,False,False,True,True,False
47,False,False,False,True,1316,False,False,False,False,True,15,False,False,True,False,False,2,True,False,False,True,False,2,False,True,False,False,1,True,False,False,False,False,True,False,True,False,False,False,False,False,False,True,False,False,False,False,False,2,False,False,True,False,False,True,False
34,True,False,False,False,3965,False,False,True,False,False,42,False,True,False,False,False,1,True,False,False,True,False,4,False,False,True,False,1,True,False,False,False,False,True,False,False,True,False,False,False,False,False,True,False,False,False,False,False,3,True,False,False,False,False,True,False
27,True,False,False,False,1657,False,False,True,False,False,12,False,False,True,False,False,1,True,False,False,True,False,2,False,False,True,False,1,True,False,False,False,False,True,True,False,False,False,False,False,False,True,False,False,False,False,False,False,2,True,False,False,False,False,True,False
28,False,False,False,True,3343,False,False,False,False,True,15,False,False,True,False,False,1,True,False,False,False,True,4,False,False,True,False,1,True,False,False,False,False,True,False,False,False,True,False,False,False,True,False,False,False,False,False,False,2,True,False,False,False,False,False,True
24,True,False,False,False,1228,False,False,True,False,False,12,False,False,True,False,False,1,True,False,False,True,False,4,False,True,False,False,1,True,False,False,False,False,True,True,False,False,False,True,False,False,False,False,False,False,False,False,False,2,True,False,False,False,False,True,False
36,False,False,False,True,1278,False,False,True,False,False,24,False,False,False,False,True,1,True,False,False,True,False,4,False,False,False,True,1,True,False,False,False,False,True,True,False,False,False,False,False,False,False,True,False,False,False,False,False,1,True,False,False,False,False,False,True
57,False,False,True,False,1258,False,False,True,False,False,24,False,False,True,False,False,1,True,False,False,True,False,3,False,True,False,False,1,True,False,False,False,False,True,False,False,True,False,False,False,False,False,True,False,False,False,False,False,3,False,False,True,False,False,True,False
52,False,False,False,True,936,False,False,False,False,True,9,False,False,False,False,True,2,True,False,False,True,False,4,False,False,True,False,1,True,False,False,False,False,True,False,False,True,False,False,False,False,False,False,False,False,True,False,False,2,False,False,True,False,False,False,True
36,False,False,False,True,1028,False,False,False,False,True,18,False,False,True,False,False,2,True,False,False,True,False,4,False,False,True,False,1,True,False,False,False,False,True,True,False,False,False,True,False,False,False,False,False,False,False,False,False,3,True,False,False,False,False,True,False
30,True,False,False,False,1823,False,False,True,False,False,24,True,False,False,False,False,1,True,False,False,True,False,4,False,False,False,True,2,True,False,False,False,True,False,False,False,True,False,False,False,False,False,True,False,False,False,False,False,2,True,False,False,False,False,True,False
29,False,False,True,False,683,False,False,False,True,False,6,False,True,False,False,False,1,True,False,False,True,False,2,False,False,True,False,1,True,False,False,True,False,False,False,True,False,False,False,False,False,False,True,False,False,False,False,False,1,True,False,False,False,False,True,False
24,True,False,False,False,9271,False,False,True,False,False,36,False,False,False,True,False,1,True,False,False,True,False,2,False,False,True,False,1,True,False,False,False,False,True,False,False,True,False,True,False,False,False,False,False,False,False,False,False,1,True,False,False,False,False,False,True
27,False,False,False,True,6314,False,False,False,False,True,24,True,False,False,False,False,2,True,False,False,True,False,4,False,False,False,True,1,False,True,False,True,False,False,False,False,False,True,False,False,True,False,False,False,False,False,False,False,2,True,False,False,False,False,False,True
38,False,False,False,True,1240,False,False,False,False,True,12,False,False,False,False,True,2,True,False,False,True,False,4,False,False,True,False,1,True,False,False,False,False,True,True,False,False,False,False,False,False,False,True,False,False,False,False,False,2,False,False,False,False,True,False,True
45,True,False,False,False,339,False,True,False,False,False,12,False,False,False,False,True,1,True,False,False,True,False,4,False,True,False,False,1,True,False,False,True,False,False,False,False,True,False,False,False,False,False,False,False,False,False,True,False,1,True,False,False,False,False,True,False
26,True,False,False,False,2812,False,False,True,False,False,24,False,False,False,False,True,1,True,False,True,False,False,2,False,False,True,False,1,True,False,False,False,False,True,True,False,False,False,False,True,False,False,False,False,False,False,False,False,4,False,False,False,False,True,True,False
34,False,True,False,False,5800,False,False,False,False,True,36,False,False,True,False,False,2,True,False,False,True,False,3,False,False,True,False,1,True,False,False,False,False,True,False,False,True,False,False,True,False,False,False,False,False,False,False,False,4,True,False,False,False,False,False,True
27,False,True,False,False,7418,False,False,False,True,False,60,False,False,True,False,False,1,True,False,False,True,False,1,False,True,False,False,1,True,False,False,False,False,True,True,False,False,False,False,False,False,False,True,False,False,False,False,False,1,False,False,False,False,True,True,False
29,False,False,False,True,3556,False,False,True,False,False,15,False,False,True,False,False,1,True,False,False,True,False,3,False,False,True,False,1,True,False,False,False,False,True,False,False,False,True,True,False,False,False,False,False,False,False,False,False,2,False,False,False,False,True,True,False
24,True,False,False,False,3021,False,False,True,False,False,24,False,False,True,False,False,1,True,False,True,False,False,2,False,True,False,False,1,True,False,False,False,False,True,True,False,False,False,False,False,False,True,False,False,False,False,False,False,2,True,False,False,False,False,True,False
29,False,True,False,False,11328,False,False,True,False,False,24,False,False,True,False,False,2,True,False,False,True,False,2,False,False,False,True,1,False,True,False,True,False,False,False,False,True,False,False,False,True,False,False,False,False,False,False,False,3,True,False,False,False,False,False,True
27,True,False,False,False,3552,False,True,False,False,False,24,False,False,False,True,False,1,True,False,False,True,False,3,False,False,True,False,1,True,False,False,True,False,False,False,False,True,False,False,False,False,True,False,False,False,False,False,False,4,True,False,False,False,False,True,False
46,False,False,False,True,730,False,False,False,False,True,7,False,False,False,False,True,2,True,False,True,False,False,4,False,True,False,False,1,True,False,False,False,False,True,False,True,False,False,False,False,False,False,True,False,False,False,False,False,2,False,False,False,False,True,False,True
25,False,False,True,False,2327,False,False,True,False,False,15,False,True,False,False,False,1,True,False,False,True,False,2,False,True,False,False,1,True,False,False,False,False,True,True,False,False,False,False,False,False,False,True,False,False,False,False,False,3,True,False,False,False,False,True,False
43,False,True,False,False,4057,False,False,True,False,False,24,False,False,False,True,False,1,True,False,False,True,False,3,False,False,True,False,1,True,False,False,False,False,True,False,False,True,False,False,False,False,True,False,False,False,False,False,False,3,True,False,False,False,False,False,True
27,True,False,False,False,1168,False,False,True,False,False,12,False,False,True,False,False,1,True,False,False,True,False,4,False,True,False,False,1,True,False,False,False,False,True,True,False,False,False,True,False,False,False,False,False,False,False,False,False,3,True,False,False,False,False,True,False
36,True,False,False,False,3905,False,False,False,False,True,11,False,False,True,False,False,2,True,False,True,False,False,2,False,False,True,False,2,True,False,False,False,False,True,True,False,False,False,True,False,False,False,False,False,False,False,False,False,2,True,False,False,False,False,True,False
40,False,False,False,True,4623,False,False,True,False,False,15,False,False,True,False,False,1,True,False,False,True,False,3,False,False,False,True,1,True,False,False,False,False,True,False,True,False,False,False,False,False,False,False,False,False,True,False,False,2,False,True,False,False,False,False,True
28,False,False,False,True,2284,False,False,True,False,False,24,False,False,False,True,False,1,True,False,False,True,False,4,False,False,True,False,1,True,False,False,False,False,True,False,False,True,False,False,False,False,False,True,False,False,False,False,False,2,True,False,False,False,False,False,True
20,True,False,False,False,2996,False,False,True,False,False,24,False,False,True,False,False,1,True,False,False,True,False,2,False,False,True,False,1,True,False,False,False,False,True,False,False,True,False,False,False,False,True,False,False,False,False,False,False,4,False,False,False,False,True,True,False
36,False,True,False,False,2337,False,False,False,False,True,36,False,False,False,False,True,1,True,False,False,True,False,4,False,False,True,False,1,True,False,False,False,False,True,True,False,False,False,False,False,False,False,True,False,False,False,False,False,4,True,False,False,False,False,True,False
26,False,True,False,False,1778,True,False,False,False,False,15,False,True,False,False,False,2,True,False,True,False,False,2,True,False,False,False,1,True,False,False,False,False,True,True,False,False,False,True,False,False,False,False,False,False,False,False,False,1,True,False,False,False,False,True,False
44,False,True,False,False,6204,False,False,False,True,False,18,False,False,True,False,False,1,True,False,False,True,False,2,False,True,False,False,2,True,False,False,False,False,True,True,False,False,False,False,False,False,False,False,False,True,False,False,False,4,True,False,False,False,False,False,True
28,True,False,False,False,5371,False,False,False,False,True,36,False,False,True,False,False,2,True,False,False,True,False,3,False,False,True,False,1,False,False,True,False,False,True,False,True,False,False,False,False,False,True,False,False,False,False,False,False,2,True,False,False,False,False,True,False
25,False,True,False,False,14421,True,False,False,False,False,48,False,False,True,False,False,1,True,False,False,True,False,2,False,False,True,False,1,True,False,False,False,False,True,False,False,True,False,False,False,False,False,False,False,False,False,False,True,2,True,False,False,False,False,False,True
32,False,False,False,True,3062,False,False,True,False,False,24,False,False,False,False,True,1,True,False,True,False,False,4,False,False,True,False,1,True,False,False,False,False,True,False,False,False,True,False,False,False,True,False,False,False,False,False,False,3,False,False,True,False,False,False,True
25,False,False,False,True,999,False,False,True,False,False,24,False,False,False,False,True,2,True,False,False,True,False,4,False,False,True,False,1,True,False,False,False,False,True,False,False,True,False,False,False,False,False,True,False,False,False,False,False,2,False,False,False,False,True,True,False
38,True,False,False,False,708,False,False,True,False,False,12,False,False,True,False,False,1,True,False,False,True,False,2,False,True,False,False,2,False,False,True,False,False,True,False,True,False,False,False,False,False,True,False,False,False,False,False,False,3,True,False,False,False,False,True,False
47,False,True,False,False,958,False,False,False,False,True,12,False,False,False,True,False,2,True,False,False,True,False,2,False,True,False,False,2,True,False,False,False,False,True,True,False,False,False,True,False,False,False,False,False,False,False,False,False,3,True,False,False,False,False,True,False
21,True,False,False,False,1289,False,False,True,False,False,12,False,False,True,False,False,1,True,False,False,True,False,4,False,True,False,False,1,False,False,True,False,False,True,False,True,False,False,False,False,False,True,False,False,False,False,False,False,1,True,False,False,False,False,True,False
23,False,False,False,True,996,False,False,False,False,True,12,False,False,False,True,False,2,True,False,False,True,False,4,False,False,True,False,1,True,False,False,False,False,True,True,False,False,False,False,False,False,False,False,False,True,False,False,False,4,False,False,False,False,True,True,False
35,False,False,False,True,1592,False,False,False,False,True,12,False,False,False,True,False,1,False,True,False,True,False,3,False,False,True,False,1,True,False,False,False,False,True,False,True,False,False,False,False,False,True,False,False,False,False,False,False,2,False,False,False,True,False,True,False
28,False,False,False,True,2073,False,False,True,False,False,12,False,False,True,False,False,1,True,False,False,True,False,4,False,False,True,False,1,False,True,False,False,False,True,True,False,False,False,False,False,False,False,True,False,False,False,False,False,2,False,True,False,False,False,True,False
33,False,False,False,True,3074,False,False,False,False,True,9,False,False,True,False,False,2,True,False,False,True,False,1,False,False,True,False,2,True,False,False,False,False,True,True,False,False,False,False,False,False,False,True,False,False,False,False,False,2,False,False,False,False,True,True,False
36,False,True,False,False,12169,False,True,False,False,False,48,True,False,False,False,False,1,True,False,False,False,True,4,False,False,False,True,1,False,True,False,False,False,True,False,False,False,True,True,False,False,False,False,False,False,False,False,False,4,False,False,False,False,True,False,True
25,False,False,False,True,3972,False,False,True,False,False,24,False,False,False,True,False,1,True,False,True,False,False,2,False,False,True,False,1,True,False,False,False,False,True,False,True,False,False,False,False,False,True,False,False,False,False,False,False,4,True,False,False,False,False,False,True
43,False,False,False,True,1533,False,False,True,False,False,18,False,True,False,False,False,1,True,False,False,True,False,4,False,True,False,False,2,False,True,False,False,False,True,False,True,False,False,False,False,False,True,False,False,False,False,False,False,1,True,False,False,False,False,True,False
28,False,False,False,True,1413,False,False,True,False,False,24,False,False,True,False,False,1,True,False,False,True,False,4,False,False,True,False,1,True,False,False,False,False,True,False,True,False,False,False,False,False,False,True,False,False,False,False,False,2,True,False,False,False,False,True,False
27,True,False,False,False,2132,False,False,False,False,True,10,False,True,False,False,False,2,False,True,True,False,False,2,False,False,True,False,1,False,True,False,False,False,True,True,False,False,False,False,False,False,True,False,False,False,False,False,False,3,False,False,False,False,True,True,False
21,True,False,False,False,1987,False,False,True,False,False,24,False,False,True,False,False,1,True,False,True,False,False,2,False,True,False,False,2,True,False,False,False,False,True,True,False,False,False,False,False,False,False,True,False,False,False,False,False,4,True,False,False,False,False,True,False
27,False,False,False,True,8648,False,False,False,True,False,24,False,True,False,False,False,2,True,False,False,True,False,2,False,False,True,False,1,True,False,False,True,False,False,False,False,True,False,False,False,False,False,False,False,False,False,False,True,2,True,False,False,False,False,False,True
21,True,False,False,False,1049,False,False,False,False,True,18,False,True,False,False,False,1,True,False,True,False,False,4,False,False,True,False,1,True,False,False,False,False,True,False,True,False,False,False,False,False,True,False,False,False,False,False,False,4,True,False,False,False,False,True,False
66,False,True,False,False,790,False,False,True,False,False,9,False,False,True,False,False,1,True,False,False,True,False,4,False,True,False,False,1,True,False,False,False,False,True,True,False,False,False,False,False,False,False,True,False,False,False,False,False,3,False,False,True,False,False,True,False
32,True,False,False,False,1285,False,False,True,False,False,24,False,False,False,True,False,1,True,False,True,False,False,4,False,False,True,False,1,True,False,False,False,False,True,False,False,False,True,True,False,False,False,False,False,False,False,False,False,4,False,False,False,False,True,True,False
39,False,False,True,False,1271,False,False,False,False,True,15,False,False,True,False,False,2,True,False,False,False,True,3,False,False,True,False,1,True,False,False,False,False,True,False,False,False,True,False,False,False,False,True,False,False,False,False,False,4,False,False,False,False,True,False,True
58,True,False,False,False,385,False,False,False,False,True,12,False,False,False,True,False,4,True,False,False,True,False,4,False,True,False,False,1,True,False,False,False,False,True,True,False,False,False,False,False,False,False,True,False,False,False,False,False,3,True,False,False,False,False,False,True
28,False,False,True,False,2923,False,False,True,False,False,21,False,False,True,False,False,1,True,False,False,True,False,1,False,False,False,True,1,True,False,False,True,False,False,False,False,True,False,True,False,False,False,False,False,False,False,False,False,1,False,True,False,False,False,False,True
29,True,False,False,False,2149,False,True,False,False,False,12,False,False,True,False,False,1,True,False,False,False,True,4,False,False,True,False,1,True,False,False,False,False,True,False,False,False,True,False,False,False,False,True,False,False,False,False,False,1,True,False,False,False,False,True,False
20,False,False,False,True,4675,False,False,True,False,False,12,False,True,False,False,False,1,True,False,True,False,False,1,False,False,True,False,1,True,False,False,False,False,True,False,False,True,False,False,True,False,False,False,False,False,False,False,False,4,False,False,False,False,True,True,False
38,True,False,False,False,10623,False,False,False,False,True,30,False,False,False,False,True,3,True,False,False,False,True,3,False,False,False,True,2,True,False,False,False,False,True,False,False,False,True,False,True,False,False,False,False,False,False,False,False,4,True,False,False,False,False,False,True
40,False,False,False,True,1597,False,False,True,False,False,10,False,False,True,False,False,1,False,True,True,False,False,3,False,True,False,False,2,True,False,False,False,False,True,False,False,False,True,True,False,False,False,False,False,False,False,False,False,2,False,False,True,False,False,True,False
26,False,False,True,False,4210,False,False,True,False,False,36,False,False,True,False,False,1,True,False,False,True,False,4,False,False,True,False,1,True,False,False,False,False,True,False,False,True,False,False,False,False,False,True,False,False,False,False,False,2,True,False,False,False,False,True,False
46,False,False,False,True,1829,False,False,False,False,True,15,False,False,False,False,True,2,True,False,False,True,False,4,False,False,True,False,1,True,False,False,False,False,True,False,False,True,False,False,False,False,False,True,False,False,False,False,False,4,True,False,False,False,False,False,True
63,False,False,False,True,1655,False,False,False,False,True,12,False,False,False,False,True,2,True,False,False,True,False,2,False,True,False,False,1,True,False,False,False,False,True,True,False,False,False,False,False,False,False,True,False,False,False,False,False,4,True,False,False,False,False,False,True
46,False,False,False,True,6842,False,False,False,False,True,24,False,False,True,False,False,2,True,False,False,True,False,2,False,False,False,True,2,True,False,False,False,False,True,False,True,False,False,False,True,False,False,False,False,False,False,False,False,4,False,False,False,False,True,False,True
45,False,False,False,True,1300,False,False,True,False,False,15,False,False,False,False,True,1,True,False,False,False,True,4,False,False,True,False,2,True,False,False,True,False,False,False,False,False,True,False,True,False,False,False,False,False,False,False,False,4,False,False,False,False,True,True,False
28,False,False,False,True,2142,False,False,True,False,False,11,False,False,False,False,True,1,True,False,False,True,False,1,False,False,True,False,1,True,False,False,False,False,True,True,False,False,False,False,False,False,False,False,False,False,False,False,True,2,False,False,False,True,False,False,True
31,False,True,False,False,1521,False,False,True,False,False,10,False,False,True,False,False,1,True,False,False,True,False,4,False,True,False,False,1,True,False,False,False,False,True,False,False,True,False,False,False,False,True,False,False,False,False,False,False,2,True,False,False,False,False,True,False
50,True,False,False,False,7476,False,False,True,False,False,48,False,False,False,True,False,1,True,False,False,False,True,4,False,False,False,True,1,True,False,False,False,False,True,False,False,False,True,False,False,False,False,False,False,False,True,False,False,1,True,False,False,False,False,False,True
49,False,True,False,False,1092,False,False,True,False,False,12,False,False,True,False,False,2,True,False,False,True,False,4,False,False,True,False,1,False,False,True,False,False,True,True,False,False,False,False,False,False,False,True,False,False,False,False,False,4,True,False,False,False,False,False,True
54,False,False,False,True,2255,False,False,True,False,False,24,False,True,False,False,False,1,True,False,False,True,False,4,False,False,True,False,1,True,False,False,False,False,True,False,True,False,False,True,False,False,False,False,False,False,False,False,False,1,False,False,False,False,True,True,False
39,False,True,False,False,11938,False,False,False,False,True,24,False,False,True,False,False,2,True,False,False,True,False,2,False,False,False,True,2,False,True,False,False,False,True,False,False,True,False,False,False,True,False,False,False,False,False,False,False,3,True,False,False,False,False,False,True
28,True,False,False,False,3660,False,False,True,False,False,24,False,False,True,False,False,1,True,False,False,True,False,2,False,False,True,False,1,True,False,False,False,False,True,False,False,True,False,False,False,False,False,True,False,False,False,False,False,4,True,False,False,False,False,True,False
26,False,False,False,True,3181,False,False,True,False,False,24,False,True,False,False,False,1,True,False,False,True,False,4,False,False,True,False,1,True,False,False,False,False,True,False,True,False,False,False,False,False,False,True,False,False,False,False,False,4,True,False,False,False,False,False,True
35,False,False,False,True,2346,False,False,False,False,True,24,False,False,False,True,False,2,True,False,False,True,False,4,False,False,True,False,1,True,False,False,False,False,True,False,False,True,False,False,True,False,False,False,False,False,False,False,False,3,True,False,False,False,False,False,True
50,False,True,False,False,2671,False,False,True,False,False,36,False,False,True,False,False,1,True,False,False,False,True,4,False,False,True,False,1,False,True,False,False,False,True,False,False,False,True,False,False,False,False,True,False,False,False,False,False,4,False,True,False,False,False,True,False
22,False,False,False,True,1258,False,False,False,False,True,12,False,True,False,False,False,2,True,False,True,False,False,2,False,True,False,False,1,True,False,False,False,False,True,False,True,False,False,False,False,False,True,False,False,False,False,False,False,4,True,False,False,False,False,True,False
30,False,False,False,True,12680,False,False,False,False,True,21,False,False,False,False,True,1,True,False,False,False,True,4,False,False,False,True,1,True,False,False,False,False,True,False,False,False,True,True,False,False,False,False,False,False,False,False,False,4,False,False,False,False,True,False,True
28,False,False,True,False,1323,False,False,False,False,True,6,False,False,False,False,True,2,True,False,False,True,False,2,False,False,True,False,2,True,False,False,False,False,True,False,False,True,False,True,False,False,False,False,False,False,False,False,False,4,False,True,False,False,False,False,True
28,False,True,False,False,1068,False,False,True,False,False,6,False,False,False,False,True,1,True,False,False,True,False,4,False,False,True,False,2,True,False,False,False,False,True,False,False,True,False,False,False,False,False,True,False,False,False,False,False,4,True,False,False,False,False,True,False
25,False,False,False,True,3105,False,False,True,False,False,24,False,True,False,False,False,2,True,False,False,True,False,4,False,False,True,False,1,True,False,False,False,False,True,False,False,True,False,False,False,False,False,True,False,False,False,False,False,2,False,False,False,False,True,True,False
37,False,True,False,False,1922,False,False,True,False,False,12,False,False,True,False,False,1,True,False,False,True,False,4,False,True,False,False,1,True,False,False,False,False,True,False,True,False,False,False,False,False,True,False,False,False,False,False,False,2,True,False,False,False,False,True,False
43,True,False,False,False,15857,False,False,True,False,False,36,True,False,False,False,False,1,True,False,False,True,False,2,False,False,False,True,1,False,True,False,False,False,True,False,False,True,False,False,False,True,False,False,False,False,False,False,False,3,True,False,False,False,False,True,False
22,False,True,False,False,1007,False,False,True,False,False,12,False,False,True,False,False,1,True,False,False,True,False,4,False,False,True,False,1,True,False,False,False,False,True,True,False,False,False,True,False,False,False,False,False,False,False,False,False,1,False,False,False,True,False,True,False
41,False,False,False,True,719,False,False,True,False,False,12,False,False,False,False,True,1,True,False,False,True,False,4,False,True,False,False,2,True,False,False,True,False,False,False,False,True,False,False,False,False,False,False,False,False,True,False,False,4,True,False,False,False,False,True,False
29,False,True,False,False,9034,False,False,True,False,False,36,False,True,False,False,False,1,True,False,True,False,False,4,False,False,False,True,1,False,True,False,False,False,True,False,False,False,True,False,False,False,True,False,False,False,False,False,False,1,False,True,False,False,False,False,True
22,False,False,False,True,433,False,False,True,False,False,18,True,False,False,False,False,1,True,False,True,False,False,3,False,False,True,False,1,False,True,False,False,False,True,True,False,False,False,False,False,False,False,True,False,False,False,False,False,4,True,False,False,False,False,True,False
39,False,True,False,False,1037,False,False,True,False,False,12,False,False,False,True,False,1,True,False,False,True,False,3,False,True,False,False,1,True,False,False,False,False,True,True,False,False,False,False,False,False,False,False,False,False,False,False,True,4,False,True,False,False,False,True,False
58,False,False,False,True,1867,False,False,True,False,False,30,False,False,False,False,True,1,True,False,False,True,False,4,False,False,True,False,1,True,False,False,False,False,True,False,False,True,False,False,False,False,False,True,False,False,False,False,False,4,False,False,False,False,True,False,True
28,True,False,False,False,2606,False,False,True,False,False,21,False,True,False,False,False,1,True,False,True,False,False,4,False,False,False,True,1,True,False,False,False,False,True,False,True,False,False,False,False,False,False,True,False,False,False,False,False,4,True,False,False,False,False,False,True
26,False,False,False,True,4463,False,False,False,True,False,36,False,False,True,False,False,2,True,False,False,True,False,4,False,False,False,True,1,True,False,False,False,False,True,False,False,True,False,False,False,False,False,True,False,False,False,False,False,2,True,False,False,False,False,False,True
23,False,True,False,False,15672,False,False,True,False,False,48,False,False,True,False,False,1,True,False,False,True,False,2,False,False,True,False,1,True,False,False,False,False,True,False,False,True,False,False,False,False,False,False,False,False,False,False,True,2,True,False,False,False,False,False,True
21,False,False,False,True,1766,False,False,True,False,False,6,False,False,True,False,False,1,True,False,True,False,False,1,False,False,True,False,1,True,False,False,False,False,True,False,True,False,False,False,False,False,True,False,False,False,False,False,False,2,True,False,False,False,False,True,False
63,True,False,False,False,2924,False,False,True,False,False,24,False,False,True,False,False,1,True,False,False,True,False,3,False,False,True,False,2,False,False,True,True,False,False,False,False,False,True,False,True,False,False,False,False,False,False,False,False,4,True,False,False,False,False,False,True
31,False,False,False,True,2406,False,False,False,False,True,9,True,False,False,False,False,1,True,False,False,True,False,2,False,False,False,True,1,True,False,False,False,False,True,False,False,True,False,False,False,False,True,False,False,False,False,False,False,3,True,False,False,False,False,True,False
22,False,True,False,False,3832,False,False,True,False,False,30,False,True,False,False,False,1,True,False,False,True,False,2,False,False,True,False,1,True,False,False,False,False,True,False,True,False,False,False,False,False,True,False,False,False,False,False,False,1,True,False,False,False,False,True,False
35,False,False,False,True,7253,False,False,False,False,True,33,False,False,False,True,False,2,True,False,False,True,False,3,False,False,False,True,1,True,False,False,False,False,True,False,False,True,False,False,True,False,False,False,False,False,False,False,False,2,True,False,False,False,False,False,True
37,False,False,False,True,2279,False,False,True,False,False,12,False,False,True,False,False,1,True,False,False,False,True,4,False,False,True,False,1,True,False,False,False,False,True,False,False,False,True,False,False,False,False,True,False,False,False,False,False,4,False,False,False,False,True,False,True
22,False,True,False,False,5951,False,False,True,False,False,48,False,False,True,False,False,1,True,False,False,True,False,2,False,False,True,False,1,True,False,False,False,False,True,True,False,False,False,False,False,False,False,True,False,False,False,False,False,2,True,False,False,False,False,True,False
57,False,True,False,False,14318,False,False,True,False,False,36,False,False,False,False,True,1,True,False,False,False,True,4,False,False,False,True,1,True,False,False,False,False,True,False,False,False,True,True,False,False,False,False,False,False,False,False,False,2,True,False,False,False,False,False,True
67,False,True,False,False,1199,False,False,True,False,False,9,False,False,False,True,False,2,True,False,False,True,False,4,False,False,False,True,1,True,False,False,False,False,True,False,True,False,False,False,False,False,False,False,False,False,True,False,False,4,True,False,False,False,False,False,True
27,True,False,False,False,4020,False,False,True,False,False,24,False,False,True,False,False,1,True,False,False,True,False,2,False,False,True,False,1,True,False,False,False,True,False,False,False,True,False,False,False,False,True,False,False,False,False,False,False,2,True,False,False,False,False,True,False
33,False,False,False,True,1478,False,False,False,True,False,15,False,False,True,False,False,2,True,False,False,True,False,4,False,False,True,False,1,True,False,False,True,False,False,True,False,False,False,False,False,False,False,True,False,False,False,False,False,3,True,False,False,False,False,True,False
32,False,True,False,False,2528,False,False,True,False,False,27,False,True,False,False,False,1,True,False,False,True,False,4,False,False,True,False,2,True,False,False,False,False,True,False,True,False,False,False,False,False,False,False,False,False,False,False,True,1,True,False,False,False,False,False,True
27,False,False,False,True,1101,False,False,True,False,False,12,False,False,True,False,False,2,True,False,False,True,False,3,False,False,True,False,1,True,False,False,False,False,True,True,False,False,False,True,False,False,False,False,False,False,False,False,False,2,True,False,False,False,False,False,True
25,True,False,False,False,975,False,False,False,False,True,15,False,False,True,False,False,2,True,False,False,True,False,2,False,False,True,False,1,True,False,False,False,False,True,False,True,False,False,False,False,False,True,False,False,False,False,False,False,3,True,False,False,False,False,True,False
34,False,True,False,False,1501,False,False,False,False,True,9,False,False,False,False,True,2,True,False,False,True,False,2,False,False,False,True,1,True,False,False,False,False,True,False,False,True,False,False,False,False,False,False,False,False,True,False,False,3,True,False,False,False,False,False,True
35,False,True,False,False,6948,False,False,True,False,False,36,False,False,True,False,False,1,True,False,True,False,False,2,False,False,False,True,1,True,False,False,False,False,True,False,False,True,False,False,True,False,False,False,False,False,False,False,False,2,True,False,False,False,False,False,True
26,False,False,False,True,3235,False,False,True,False,False,24,False,False,False,False,True,1,True,False,False,True,False,3,False,False,False,True,1,True,False,False,False,False,True,False,False,True,False,False,False,False,False,True,False,False,False,False,False,2,False,False,True,False,False,False,True
29,False,False,False,True,2743,False,False,False,False,True,28,False,False,False,False,True,2,True,False,False,True,False,4,False,False,True,False,1,True,False,False,False,False,True,False,False,True,False,False,False,False,False,True,False,False,False,False,False,2,True,False,False,False,False,True,False
32,False,True,False,False,11760,False,False,False,True,False,39,False,False,False,True,False,1,True,False,True,False,False,2,False,False,True,False,1,True,False,False,False,False,True,False,False,False,True,False,False,False,False,False,False,False,True,False,False,3,False,True,False,False,False,False,True
36,False,True,False,False,3915,False,False,True,False,False,27,False,False,True,False,False,1,True,False,False,True,False,4,False,False,True,False,2,True,False,False,False,False,True,False,False,True,False,False,False,False,False,False,False,False,False,False,True,2,True,False,False,False,False,False,True
25,False,False,False,True,2210,False,False,True,False,False,10,False,False,True,False,False,1,True,False,True,False,False,2,False,True,False,False,1,True,False,False,True,False,False,True,False,False,False,False,False,False,True,False,False,False,False,False,False,2,True,False,False,False,False,True,False
33,False,True,False,False,1414,False,False,True,False,False,8,False,False,True,False,False,1,False,True,False,True,False,4,False,False,True,False,1,False,False,True,False,False,True,True,False,False,False,False,False,False,False,True,False,False,False,False,False,2,True,False,False,False,False,True,False
35,False,True,False,False,1941,False,False,True,False,False,18,False,False,True,False,False,1,True,False,False,True,False,4,False,True,False,False,1,True,False,False,False,False,True,False,True,False,False,False,False,False,False,False,False,False,False,False,True,2,False,False,False,True,False,False,True
37,False,True,False,False,12389,False,False,True,False,False,36,False,False,True,False,False,1,True,False,False,False,True,1,False,False,True,False,1,True,False,False,False,False,True,False,False,False,True,True,False,False,False,False,False,False,False,False,False,4,False,False,False,False,True,False,True
23,False,True,False,False,882,False,False,False,False,True,13,False,True,False,False,False,2,True,False,False,True,False,4,False,False,True,False,1,False,False,True,False,False,True,True,False,False,False,False,False,False,False,True,False,False,False,False,False,4,True,False,False,False,False,True,False
29,False,True,False,False,2333,False,False,False,True,False,24,False,True,False,False,False,1,True,False,False,True,False,4,False,True,False,False,1,True,False,False,True,False,False,False,True,False,False,False,False,False,True,False,False,False,False,False,False,2,False,False,False,False,True,True,False
42,False,False,False,True,10366,False,False,True,False,False,60,False,False,False,False,True,1,True,False,False,True,False,2,False,False,False,True,1,True,False,False,False,False,True,False,True,False,False,True,False,False,False,False,False,False,False,False,False,4,True,False,False,False,False,False,True
74,False,True,False,False,5129,False,True,False,False,False,9,False,False,False,False,True,1,True,False,False,False,True,2,False,False,False,True,2,True,False,False,True,False,False,False,False,False,True,False,True,False,False,False,False,False,False,False,False,4,True,False,False,False,False,False,True
30,False,True,False,False,3566,False,True,False,False,False,48,False,False,False,True,False,1,True,False,False,True,False,4,False,False,True,False,1,True,False,False,False,False,True,False,False,True,False,False,False,False,False,False,False,False,False,False,True,2,False,True,False,False,False,True,False
46,False,True,False,False,1223,False,False,True,False,False,12,False,False,False,False,True,2,True,False,True,False,False,1,False,False,True,False,1,True,False,False,False,False,True,True,False,False,False,True,False,False,False,False,False,False,False,False,False,1,True,False,False,False,False,True,False
23,True,False,False,False,2511,False,False,True,False,False,15,True,False,False,False,False,1,True,False,True,False,False,1,False,False,True,False,1,True,False,False,False,False,True,False,False,True,False,True,False,False,False,False,False,False,False,False,False,4,True,False,False,False,False,True,False
23,False,True,False,False,2101,False,False,True,False,False,13,False,True,False,False,False,1,True,False,False,True,False,2,False,True,False,False,1,False,False,True,False,False,True,False,True,False,False,False,False,False,False,True,False,False,False,False,False,4,True,False,False,False,False,True,False
29,False,True,False,False,959,False,False,True,False,False,9,False,False,True,False,False,1,False,True,False,True,False,1,False,False,True,False,1,True,False,False,False,False,True,False,False,True,False,False,False,False,True,False,False,False,False,False,False,2,True,False,False,False,False,True,False
41,False,False,False,True,3160,False,False,True,False,False,21,False,False,False,False,True,1,True,False,False,True,False,4,False,False,True,False,1,True,False,False,False,False,True,False,True,False,False,False,False,False,False,True,False,False,False,False,False,3,False,False,False,False,True,False,True
40,True,False,False,False,1361,False,False,False,False,True,6,False,True,False,False,False,1,False,True,False,True,False,2,False,True,False,False,2,True,False,False,False,False,True,True,False,False,False,True,False,False,False,False,False,False,False,False,False,4,True,False,False,False,False,True,False
31,False,True,False,False,1410,True,False,False,False,False,12,False,False,True,False,False,1,True,False,False,True,False,2,False,True,False,False,1,True,False,False,False,False,True,True,False,False,False,False,False,False,False,False,False,False,False,True,False,2,True,False,False,False,False,False,True
46,True,False,False,False,1845,False,False,True,False,False,15,False,True,False,False,False,1,True,False,True,False,False,4,False,False,True,False,1,False,False,True,False,False,True,False,True,False,False,False,False,False,True,False,False,False,False,False,False,1,True,False,False,False,False,True,False
49,False,False,True,False,3656,False,False,False,False,True,30,False,False,False,False,True,2,True,False,False,True,False,4,False,True,False,False,1,True,False,False,False,True,False,False,True,False,False,False,False,False,False,True,False,False,False,False,False,4,False,False,False,False,True,True,False
31,True,False,False,False,3108,False,False,True,False,False,30,False,True,False,False,False,1,True,False,False,True,False,2,False,True,False,False,1,True,False,False,False,False,True,False,True,False,False,False,False,False,True,False,False,False,False,False,False,4,True,False,False,False,False,True,False
24,True,False,False,False,1207,False,False,True,False,False,24,False,True,False,False,False,1,True,False,True,False,False,4,False,False,True,False,1,True,False,False,False,False,True,False,True,False,False,True,False,False,False,False,False,False,False,False,False,4,True,False,False,False,False,True,False
41,False,False,False,True,1469,False,False,True,False,False,24,False,False,False,False,True,1,True,False,True,False,False,4,False,True,False,False,1,True,False,False,False,False,True,True,False,False,False,True,False,False,False,False,False,False,False,False,False,4,False,True,False,False,False,True,False
37,False,True,False,False,802,False,False,True,False,False,15,False,False,False,False,True,1,True,False,False,True,False,4,False,False,True,False,2,True,False,False,False,False,True,False,False,True,False,False,False,False,False,True,False,False,False,False,False,3,True,False,False,False,False,True,False
35,True,False,False,False,1680,False,False,True,False,False,12,False,False,False,False,True,1,True,False,False,True,False,3,False,False,True,False,1,True,False,False,False,False,True,True,False,False,False,False,False,False,False,True,False,False,False,False,False,1,False,False,True,False,False,True,False
49,False,False,False,True,5801,False,False,False,False,True,12,False,False,False,False,True,1,True,False,True,False,False,2,False,False,True,False,1,True,False,False,False,False,True,False,True,False,False,False,False,False,True,False,False,False,False,False,False,4,False,False,False,False,True,False,True
32,False,True,False,False,6078,False,False,True,False,False,12,False,False,False,True,False,1,True,False,False,True,False,2,False,False,True,False,1,True,False,False,False,False,True,False,False,True,False,True,False,False,False,False,False,False,False,False,False,2,True,False,False,False,False,True,False
41,False,True,False,False,5954,False,False,False,False,True,42,False,False,False,True,False,2,True,False,False,True,False,2,False,True,False,False,1,True,False,False,True,False,False,True,False,False,False,False,False,False,False,False,False,False,False,False,True,1,True,False,False,False,False,True,False
66,True,False,False,False,1526,False,False,False,False,True,12,False,False,False,False,True,2,True,False,False,False,True,4,False,False,False,True,1,True,False,False,False,False,True,False,False,False,True,False,True,False,False,False,False,False,False,False,False,4,True,False,False,False,False,True,False
70,False,True,False,False,7308,False,False,True,False,False,10,True,False,False,False,False,1,True,False,False,False,True,2,False,False,False,True,1,True,False,False,True,False,False,False,False,False,True,True,False,False,False,False,False,False,False,False,False,4,True,False,False,False,False,False,True
36,False,False,False,True,909,False,False,True,False,False,36,False,False,False,False,True,1,True,False,False,True,False,4,False,False,True,False,1,True,False,False,False,False,True,False,True,False,False,True,False,False,False,False,False,False,False,False,False,4,False,False,True,False,False,True,False
51,False,False,False,True,682,False,False,False,False,True,12,False,False,False,True,False,2,True,False,False,True,False,4,False,False,True,False,1,True,False,False,False,False,True,False,False,True,False,True,False,False,False,False,False,False,False,False,False,3,False,True,False,False,False,False,True
36,False,False,False,True,4165,True,False,False,False,False,18,False,False,True,False,False,2,True,False,False,True,False,2,False,False,True,False,2,True,False,False,False,True,False,False,False,True,False,False,False,False,False,False,False,False,False,False,True,2,True,False,False,False,False,True,False
32,False,False,False,True,2978,False,False,False,True,False,24,False,False,True,False,False,2,True,False,False,True,False,4,False,False,True,False,2,True,False,False,False,False,True,True,False,False,False,False,False,False,False,False,False,False,False,False,True,4,False,False,False,False,True,False,True
29,True,False,False,False,1893,False,False,True,False,False,12,False,False,True,False,False,1,True,False,False,True,False,4,False,False,True,False,1,False,False,True,False,False,True,False,True,False,False,True,False,False,False,False,False,False,False,False,False,4,True,False,False,False,False,False,True
27,False,False,False,True,3609,False,True,False,False,False,48,False,False,True,False,False,1,True,False,False,True,False,1,False,False,True,False,1,True,False,False,False,True,False,True,False,False,False,False,False,False,False,False,False,False,False,False,True,1,True,False,False,False,False,True,False
20,False,True,False,False,585,False,False,False,True,False,12,False,False,True,False,False,2,True,False,True,False,False,4,False,False,True,False,1,False,True,False,False,False,True,True,False,False,False,False,False,False,False,True,False,False,False,False,False,4,True,False,False,False,False,True,False
47,False,False,False,True,1213,False,False,True,False,False,15,False,False,False,False,True,1,True,False,False,True,False,4,False,False,True,False,1,True,False,False,False,True,False,False,True,False,False,False,False,False,False,True,False,False,False,False,False,3,False,False,True,False,False,False,True
49,False,False,False,True,640,False,False,True,False,False,12,False,False,True,False,False,1,True,False,False,True,False,4,False,True,False,False,1,True,False,False,False,False,True,True,False,False,False,True,False,False,False,False,False,False,False,False,False,2,True,False,False,False,False,True,False
24,False,False,False,True,1568,False,False,True,False,False,18,False,False,True,False,False,1,True,False,True,False,False,3,False,True,False,False,1,True,False,False,False,False,True,False,True,False,False,False,False,False,False,False,False,False,False,False,True,4,False,True,False,False,False,True,False
26,False,False,False,True,1934,False,False,False,False,True,12,False,False,False,False,True,2,True,False,False,True,False,2,False,False,True,False,1,True,False,False,False,False,True,False,False,False,True,False,False,False,False,True,False,False,False,False,False,2,True,False,False,False,False,True,False
24,True,False,False,False,4605,True,False,False,False,False,48,False,False,False,False,True,2,True,False,False,False,True,3,False,False,True,False,2,True,False,False,False,False,True,False,False,False,True,False,True,False,False,False,False,False,False,False,False,4,True,False,False,False,False,True,False
34,False,True,False,False,3844,True,False,False,False,False,48,False,False,False,True,False,1,True,False,False,False,True,4,False,True,False,False,2,True,False,False,False,False,True,False,False,False,True,False,False,False,False,False,False,False,False,False,True,4,False,True,False,False,False,True,False
36,True,False,False,False,1374,False,False,True,False,False,6,False,False,True,False,False,1,True,False,False,True,False,1,False,True,False,False,1,True,False,False,True,False,False,True,False,False,False,False,False,False,True,False,False,False,False,False,False,2,True,False,False,False,False,False,True
33,True,False,False,False,950,True,False,False,False,False,15,False,False,False,False,True,2,True,False,True,False,False,4,False,False,True,False,2,True,False,False,False,False,True,False,False,True,False,True,False,False,False,False,False,False,False,False,False,3,True,False,False,False,False,True,False
32,False,True,False,False,1136,False,False,False,False,True,9,False,False,False,False,True,2,True,False,False,False,True,4,False,False,True,False,2,True,False,False,False,False,True,False,False,False,True,False,False,False,False,False,False,False,True,False,False,3,False,False,False,True,False,True,False
55,True,False,False,False,6872,False,True,False,False,False,24,False,True,False,False,False,1,True,False,False,True,False,2,False,False,True,False,1,True,False,False,True,False,False,False,True,False,False,False,False,False,True,False,False,False,False,False,False,1,True,False,False,False,False,False,True
39,True,False,False,False,860,False,False,False,False,True,6,False,False,False,False,True,2,True,False,False,True,False,1,False,False,True,False,1,True,False,False,False,False,True,False,False,False,True,True,False,False,False,False,False,False,False,False,False,4,True,False,False,False,False,False,True
34,False,False,False,True,2578,False,False,False,False,True,24,False,False,False,False,True,1,True,False,False,True,False,2,False,False,True,False,1,True,False,False,False,False,True,False,False,True,False,False,False,False,False,True,False,False,False,False,False,2,False,False,False,True,False,True,False
22,True,False,False,False,2483,False,True,False,False,False,24,False,False,True,False,False,1,True,False,False,True,False,4,False,False,True,False,1,True,False,False,False,True,False,True,False,False,False,False,False,False,True,False,False,False,False,False,False,4,False,False,True,False,False,False,True
42,False,False,False,True,522,False,False,False,False,True,12,False,False,False,False,True,2,True,False,False,True,False,4,False,False,True,False,2,True,False,False,False,False,True,False,True,False,False,False,False,False,False,True,False,False,False,False,False,4,False,False,True,False,False,False,True
37,True,False,False,False,3676,False,False,False,False,True,6,False,False,True,False,False,3,True,False,True,False,False,1,False,False,True,False,2,True,False,False,False,False,True,True,False,False,False,True,False,False,False,False,False,False,False,False,False,3,True,False,False,False,False,True,False
26,False,False,False,True,3577,False,False,True,False,False,9,False,False,True,False,False,1,False,True,True,False,False,1,False,False,True,False,2,False,False,True,False,False,True,True,False,False,False,True,False,False,False,False,False,False,False,False,False,2,False,True,False,False,False,True,False
23,False,False,False,True,660,False,False,True,False,False,6,False,False,False,True,False,1,True,False,True,False,False,2,False,True,False,False,1,True,False,False,False,False,True,True,False,False,False,False,False,False,False,False,False,True,False,False,False,4,False,False,True,False,False,True,False
46,False,False,False,True,727,False,False,True,False,False,10,False,False,False,False,True,1,True,False,False,False,True,4,False,False,True,False,1,True,False,False,False,False,True,False,False,False,True,False,False,False,False,False,False,False,True,False,False,4,False,False,True,False,False,False,True
40,False,True,False,False,3590,False,False,False,False,True,18,True,False,False,False,False,3,True,False,False,True,False,3,True,False,False,False,2,True,False,False,False,False,True,False,False,True,False,False,False,False,False,False,False,False,False,False,True,3,True,False,False,False,False,False,True
60,False,False,False,True,2032,False,False,False,True,False,24,False,False,False,False,True,2,True,False,False,False,True,4,False,False,True,False,1,True,False,False,False,False,True,False,False,False,True,True,False,False,False,False,False,False,False,False,False,4,True,False,False,False,False,False,True
28,False,False,False,True,1382,False,False,False,False,True,6,False,False,True,False,False,2,True,False,False,True,False,1,False,False,True,False,1,True,False,False,False,False,True,False,False,True,False,False,False,False,False,True,False,False,False,False,False,1,True,False,False,False,False,False,True
39,True,False,False,False,10297,False,False,True,False,False,48,False,False,False,True,False,3,True,False,False,False,True,4,False,False,True,False,2,True,False,False,False,True,False,False,False,False,True,False,True,False,False,False,False,False,False,False,False,4,True,False,False,False,False,False,True
36,False,False,False,True,1572,False,False,True,False,False,21,False,False,False,False,True,1,True,False,False,True,False,4,False,True,False,False,1,True,False,False,True,False,False,True,False,False,False,False,False,False,False,False,False,False,False,False,True,4,False,False,False,True,False,True,False
40,False,False,False,True,894,False,False,True,False,False,10,False,False,False,True,False,1,True,False,False,True,False,4,False,False,True,False,1,True,False,False,False,False,True,False,True,False,False,False,False,False,False,False,False,False,False,True,False,3,False,False,False,False,True,False,True
35,True,False,False,False,691,False,False,False,False,True,12,False,False,False,False,True,2,True,False,False,True,False,4,False,False,True,False,1,True,False,False,False,False,True,False,True,False,False,True,False,False,False,False,False,False,False,False,False,3,True,False,False,False,False,True,False
47,True,False,False,False,1217,False,False,True,False,False,18,False,False,True,False,False,1,True,False,False,True,False,4,False,True,False,False,1,True,False,False,False,False,True,True,False,False,False,False,False,False,False,False,True,False,False,False,False,3,True,False,False,False,False,False,True
48,False,True,False,False,12204,True,False,False,False,False,48,False,False,True,False,False,1,True,False,False,True,False,2,False,False,False,True,1,True,False,False,True,False,False,False,False,True,False,False,False,False,False,False,False,False,False,False,True,2,False,False,False,False,True,False,True
28,True,False,False,False,1797,False,False,False,False,True,13,False,True,False,False,False,2,True,False,False,True,False,3,False,True,False,False,1,True,False,False,True,False,False,False,True,False,False,False,False,False,False,False,False,False,False,False,True,1,True,False,False,False,False,True,False
25,True,False,False,False,3509,False,False,True,False,False,18,False,False,False,True,False,1,True,False,False,True,False,4,False,False,True,False,1,False,False,True,False,False,True,True,False,False,False,False,False,False,False,True,False,False,False,False,False,1,True,False,False,False,False,True,False
21,False,False,False,True,886,False,False,True,False,False,12,False,False,True,False,False,1,True,False,False,True,False,4,False,False,True,False,1,True,False,False,False,False,True,False,False,True,False,False,False,False,False,True,False,False,False,False,False,2,False,False,False,False,True,True,False
63,True,False,False,False,6836,False,False,False,True,False,60,False,False,False,False,True,2,True,False,False,True,False,3,False,False,True,False,1,True,False,False,False,False,True,False,False,False,True,False,False,False,False,False,False,False,False,False,True,4,True,False,False,False,False,False,True
47,True,False,False,False,731,False,False,False,False,True,8,False,False,False,False,True,2,True,False,False,True,False,4,False,True,False,False,1,True,False,False,False,False,True,True,False,False,False,True,False,False,False,False,False,False,False,False,False,4,True,False,False,False,False,True,False
25,False,True,False,False,4933,False,False,False,False,True,39,False,False,False,True,False,2,True,False,False,True,False,2,False,False,True,False,1,False,False,True,False,False,True,True,False,False,False,False,False,False,False,True,False,False,False,False,False,2,True,False,False,False,False,True,False
45,False,False,False,True,3835,False,False,True,False,False,36,False,False,False,False,True,1,True,False,False,True,False,2,False,True,False,False,1,True,False,False,False,False,True,True,False,False,False,False,False,False,False,True,False,False,False,False,False,4,False,False,False,False,True,False,True
35,False,False,False,True,8858,False,False,False,False,True,48,False,False,False,True,False,2,True,False,False,False,True,2,False,False,True,False,1,True,False,False,False,False,True,False,False,False,True,False,True,False,False,False,False,False,False,False,False,1,False,False,False,False,True,False,True
57,False,False,False,True,2748,False,False,False,False,True,12,False,False,False,False,True,3,True,False,False,False,True,2,False,True,False,False,1,True,False,False,True,False,False,False,False,False,True,False,False,False,False,False,False,False,True,False,False,4,True,False,False,False,False,True,False
26,False,False,False,True,4530,False,False,False,False,True,30,False,False,False,True,False,1,True,False,True,False,False,4,False,False,False,True,1,True,False,False,False,False,True,False,False,True,False,False,False,False,False,True,False,False,False,False,False,4,True,False,False,False,False,False,True
68,False,True,False,False,1175,False,False,False,False,True,16,True,False,False,False,False,3,True,False,False,False,True,2,True,False,False,False,1,True,False,False,False,False,True,False,False,True,False,True,False,False,False,False,False,False,False,False,False,3,True,False,False,False,False,False,True
35,False,False,False,True,5842,False,False,False,False,True,36,False,False,False,False,True,2,True,False,False,True,False,2,False,False,True,False,2,True,False,False,False,False,True,False,True,False,False,False,True,False,False,False,False,False,False,False,False,2,True,False,False,False,False,False,True
45,False,False,False,True,6761,False,False,False,False,True,6,False,False,False,True,False,2,True,False,False,True,False,1,False,False,False,True,2,True,False,False,False,False,True,False,False,False,True,True,False,False,False,False,False,False,False,False,False,3,True,False,False,False,False,False,True
42,True,False,False,False,7763,False,False,True,False,False,48,False,False,False,False,True,1,True,False,False,False,True,4,False,False,False,True,1,True,False,False,True,False,False,False,False,False,True,True,False,False,False,False,False,False,False,False,False,4,True,False,False,False,False,True,False
23,True,False,False,False,1216,False,False,True,False,False,18,False,True,False,False,False,1,True,False,True,False,False,4,False,False,True,False,1,True,False,False,False,False,True,False,False,True,False,True,False,False,False,False,False,False,False,False,False,3,True,False,False,False,False,False,True
22,True,False,False,False,741,False,False,True,False,False,12,True,False,False,False,False,1,True,False,False,True,False,4,False,False,True,False,1,True,False,False,False,False,True,False,True,False,False,False,False,False,False,False,True,False,False,False,False,3,False,True,False,False,False,True,False
24,False,True,False,False,7472,False,False,True,False,False,12,True,False,False,False,False,1,True,False,True,False,False,1,True,False,False,False,1,True,False,False,False,False,True,True,False,False,False,True,False,False,False,False,False,False,False,False,False,2,False,False,False,False,True,True,False
45,True,False,False,False,7882,False,False,True,False,False,42,False,False,False,True,False,1,True,False,False,False,True,2,False,False,True,False,2,False,False,True,False,False,True,False,True,False,False,False,False,False,True,False,False,False,False,False,False,4,True,False,False,False,False,True,False
26,False,False,False,True,4272,False,False,False,True,False,30,False,False,True,False,False,2,True,False,False,True,False,2,False,True,False,False,1,True,False,False,False,False,True,False,True,False,False,False,False,False,False,False,False,False,False,False,True,2,False,True,False,False,False,True,False
31,True,False,False,False,1957,False,False,False,False,True,6,False,False,False,True,False,1,True,False,False,True,False,1,False,False,True,False,1,True,False,False,False,False,True,False,False,True,False,False,False,False,False,True,False,False,False,False,False,4,True,False,False,False,False,True,False
53,False,False,False,True,2835,False,False,True,False,False,24,False,False,False,False,True,1,True,False,False,True,False,3,False,False,True,False,1,True,False,False,False,False,True,False,True,False,False,False,False,False,True,False,False,False,False,False,False,4,False,False,True,False,False,True,False
47,True,False,False,False,8335,False,False,True,False,False,36,False,False,False,False,True,1,True,False,False,False,True,3,False,False,True,False,1,True,False,False,False,False,True,False,False,False,True,False,True,False,False,False,False,False,False,False,False,4,False,False,False,False,True,True,False
34,True,False,False,False,2910,False,False,True,False,False,24,False,False,False,True,False,1,True,False,False,False,True,2,False,False,False,True,1,True,False,False,False,False,True,False,False,False,True,False,True,False,False,False,False,False,False,False,False,1,True,False,False,False,False,False,True
27,False,False,False,True,1449,False,False,True,False,False,9,False,False,False,True,False,2,True,False,False,True,False,3,False,False,True,False,1,True,False,False,False,False,True,False,False,True,False,False,False,False,False,False,False,False,False,False,True,2,True,False,False,False,False,True,False
32,False,False,False,True,2848,False,False,True,False,False,10,False,False,True,False,False,1,True,False,False,True,False,1,False,False,True,False,2,False,True,False,False,False,True,True,False,False,False,False,True,False,False,False,False,False,False,False,False,2,False,True,False,False,False,True,False
33,False,True,False,False,4439,False,False,True,False,False,18,False,False,False,False,True,1,True,False,False,True,False,1,False,False,False,True,1,False,True,False,True,False,False,True,False,False,False,False,False,False,False,False,False,False,False,False,True,1,True,False,False,False,False,False,True
27,False,True,False,False,3711,False,False,True,False,False,36,False,False,True,False,False,1,True,False,False,True,False,2,False,False,True,False,1,True,False,False,False,False,True,False,False,True,False,False,False,False,False,False,False,False,True,False,False,2,False,False,False,False,True,True,False
38,False,True,False,False,6681,False,False,False,True,False,48,False,False,True,False,False,1,True,False,False,False,True,4,False,False,True,False,2,True,False,False,False,False,True,False,False,False,True,False,False,False,False,False,False,False,False,False,True,4,False,False,False,False,True,False,True
51,False,False,True,False,2892,False,False,True,False,False,24,False,False,False,False,True,1,True,False,False,False,True,3,False,False,True,False,1,True,False,False,False,False,True,False,False,False,True,False,False,False,True,False,False,False,False,False,False,4,True,False,False,False,False,True,False
23,False,False,True,False,1961,False,False,True,False,False,18,False,False,False,False,True,1,True,False,False,True,False,3,False,False,False,True,1,True,False,False,False,False,True,False,False,True,False,True,False,False,False,False,False,False,False,False,False,2,True,False,False,False,False,True,False
36,False,True,False,False,4241,True,False,False,False,False,24,False,False,True,False,False,3,True,False,False,True,False,1,False,True,False,False,1,True,False,False,False,False,True,True,False,False,False,False,False,False,False,False,False,False,False,False,True,4,True,False,False,False,False,False,True
27,False,True,False,False,951,False,False,True,False,False,12,False,True,False,False,False,4,True,False,True,False,False,4,False,False,True,False,1,True,False,False,True,False,False,False,False,True,False,False,False,False,True,False,False,False,False,False,False,4,False,True,False,False,False,True,False
31,False,True,False,False,7582,False,False,False,True,False,48,True,False,False,False,False,1,True,False,False,False,True,2,False,False,False,True,1,True,False,False,False,False,True,False,False,False,True,False,False,True,False,False,False,False,False,False,False,4,False,True,False,False,False,False,True
33,True,False,False,False,3966,False,False,False,False,True,18,False,False,False,False,True,3,True,False,True,False,False,1,False,False,True,False,1,True,False,False,True,False,False,True,False,False,False,True,False,False,False,False,False,False,False,False,False,4,True,False,False,False,False,False,True
30,False,True,False,False,2862,False,False,False,True,False,36,False,False,False,False,True,1,True,False,False,False,True,4,False,False,True,False,1,True,False,False,False,False,True,False,False,False,True,True,False,False,False,False,False,False,False,False,False,3,False,True,False,False,False,True,False
30,False,False,False,True,4657,False,False,True,False,False,15,False,False,True,False,False,1,True,False,False,True,False,3,False,False,True,False,1,True,False,False,False,False,True,False,False,True,False,False,True,False,False,False,False,False,False,False,False,2,True,False,False,False,False,False,True
22,True,False,False,False,806,False,False,True,False,False,15,False,False,True,False,False,1,True,False,False,True,False,4,False,True,False,False,1,True,False,False,False,False,True,False,True,False,False,False,False,False,False,False,False,False,False,False,True,4,True,False,False,False,False,True,False
23,False,True,False,False,841,False,False,True,False,False,12,False,False,False,True,False,1,True,False,True,False,False,2,False,True,False,False,1,True,False,False,False,False,True,True,False,False,False,False,False,False,False,False,False,False,False,False,True,4,False,True,False,False,False,True,False
74,False,False,True,False,1299,False,False,False,False,True,6,False,False,True,False,False,3,False,True,False,True,False,1,True,False,False,False,2,True,False,False,False,False,True,True,False,False,False,True,False,False,False,False,False,False,False,False,False,1,True,False,False,False,False,True,False
25,False,True,False,False,1264,False,True,False,False,False,15,False,False,True,False,False,1,True,False,True,False,False,2,False,False,True,False,1,True,False,False,False,False,True,False,True,False,False,True,False,False,False,False,False,False,False,False,False,2,False,True,False,False,False,True,False
54,True,False,False,False,3051,False,False,True,False,False,48,False,False,True,False,False,1,True,False,False,True,False,3,False,False,True,False,1,True,False,False,False,False,True,False,False,True,False,False,False,False,False,False,True,False,False,False,False,4,True,False,False,False,False,True,False
20,False,False,False,True,3186,False,False,True,False,False,15,False,False,False,True,False,1,True,False,True,False,False,2,False,False,True,False,1,True,False,False,False,False,True,False,False,True,False,True,False,False,False,False,False,False,False,False,False,3,False,False,False,True,False,True,False
21,False,True,False,False,3441,False,False,True,False,False,30,False,False,True,False,False,1,True,False,True,False,False,2,False,False,True,False,1,False,True,False,False,False,True,False,False,True,False,False,False,False,True,False,False,False,False,False,False,4,False,True,False,False,False,True,False
61,False,False,False,True,3059,False,False,True,False,False,12,False,False,False,True,False,1,True,False,False,True,False,2,False,True,False,False,1,True,False,False,False,False,True,True,False,False,False,False,False,False,False,True,False,False,False,False,False,4,False,False,False,True,False,True,False
25,False,False,False,True,5511,False,False,True,False,False,24,False,False,True,False,False,1,True,False,False,True,False,4,False,False,True,False,1,True,False,False,False,True,False,False,False,True,False,False,False,False,True,False,False,False,False,False,False,1,False,True,False,False,False,True,False
27,False,False,False,True,2708,False,False,True,False,False,15,False,True,False,False,False,2,True,False,False,True,False,2,False,True,False,False,1,True,False,False,True,False,False,False,True,False,False,False,False,False,True,False,False,False,False,False,False,3,True,False,False,False,False,True,False
26,False,False,False,True,2764,False,False,False,True,False,33,False,False,True,False,False,2,True,False,False,True,False,2,False,False,True,False,1,True,False,False,False,False,True,False,False,True,False,False,False,False,False,False,False,False,False,False,True,2,True,False,False,False,False,False,True
42,True,False,False,False,3446,False,False,True,False,False,36,False,False,False,False,True,1,True,False,False,True,False,4,False,False,True,False,2,True,False,False,False,False,True,False,False,True,False,False,False,False,True,False,False,False,False,False,False,2,True,False,False,False,False,True,False
50,False,False,False,True,1574,False,False,True,False,False,12,False,False,True,False,False,1,True,False,False,True,False,4,False,False,True,False,1,True,False,False,False,False,True,True,False,False,False,False,False,False,True,False,False,False,False,False,False,2,True,False,False,False,False,True,False
75,True,False,False,False,1374,False,False,True,False,False,6,True,False,False,False,False,1,True,False,False,True,False,4,False,False,False,True,1,True,False,False,False,False,True,False,True,False,False,True,False,False,False,False,False,False,False,False,False,3,False,False,False,False,True,False,True
44,False,False,False,True,5943,False,False,True,False,False,24,False,True,False,False,False,2,True,False,False,True,False,1,False,False,True,False,1,True,False,False,False,False,True,False,False,True,False,False,False,False,False,True,False,False,False,False,False,1,False,False,False,False,True,False,True
56,False,False,False,True,1538,False,False,True,False,False,6,False,True,False,False,False,1,True,False,False,True,False,1,False,False,True,False,1,True,False,False,False,False,True,False,False,False,True,False,False,False,False,False,False,False,True,False,False,2,True,False,False,False,False,True,False
40,False,True,False,False,5381,False,False,True,False,False,48,True,False,False,False,False,1,True,False,False,False,True,3,True,False,False,False,1,True,False,False,True,False,False,False,False,False,True,False,False,True,False,False,False,False,False,False,False,4,False,False,False,False,True,False,True
28,True,False,False,False,1403,False,False,True,False,False,15,False,False,True,False,False,1,True,False,True,False,False,2,False,False,True,False,1,True,False,False,False,False,True,False,False,True,False,True,False,False,False,False,False,False,False,False,False,4,True,False,False,False,False,True,False
31,True,False,False,False,3651,False,False,True,False,False,12,False,False,True,False,False,1,True,False,False,True,False,1,False,False,True,False,2,True,False,False,False,False,True,False,True,False,False,True,False,False,False,False,False,False,False,False,False,3,False,False,False,True,False,True,False
37,False,False,False,True,1819,False,False,True,False,False,36,False,False,True,False,False,1,True,False,False,False,True,4,False,False,True,False,1,True,False,False,False,True,False,False,False,False,True,False,False,False,False,False,False,False,True,False,False,4,True,False,False,False,False,False,True
33,True,False,False,False,727,False,False,True,False,False,12,False,True,False,False,False,1,True,False,False,True,False,4,False,True,False,False,1,True,False,False,False,False,True,False,False,False,True,False,False,False,False,True,False,False,False,False,False,3,False,True,False,False,False,False,True
57,False,False,False,True,1154,False,False,False,False,True,11,True,False,False,False,False,3,True,False,False,True,False,4,False,True,False,False,1,True,False,False,False,False,True,True,False,False,False,False,False,False,False,True,False,False,False,False,False,4,False,True,False,False,False,True,False
37,False,False,True,False,1344,False,False,False,False,True,24,False,False,False,True,False,2,True,False,False,True,False,4,False,True,False,False,2,True,False,False,True,False,False,True,False,False,False,True,False,False,False,False,False,False,False,False,False,2,False,False,False,False,True,True,False
19,False,True,False,False,983,False,False,True,False,False,12,False,True,False,False,False,1,True,False,True,False,False,1,False,True,False,False,1,True,False,False,False,False,True,True,False,False,False,False,False,False,True,False,False,False,False,False,False,4,False,False,False,True,False,True,False
29,False,False,False,True,2108,False,False,True,False,False,6,False,False,False,True,False,1,True,False,True,False,False,2,False,False,True,False,1,True,False,False,False,False,True,True,False,False,False,False,False,False,False,True,False,False,False,False,False,2,True,False,False,False,False,True,False
32,False,False,False,True,1530,False,False,False,False,True,18,False,False,True,False,False,2,True,False,False,True,False,3,False,False,True,False,1,True,False,False,True,False,False,False,True,False,False,True,False,False,False,False,False,False,False,False,False,2,True,False,False,False,False,True,False
40,False,False,False,True,7824,False,True,False,False,False,28,False,True,False,False,False,2,True,False,True,False,False,3,False,False,True,False,2,False,False,True,True,False,False,True,False,False,False,False,True,False,False,False,False,False,False,False,False,4,False,False,False,False,True,False,True
23,True,False,False,False,4110,True,False,False,False,False,24,False,False,False,False,True,2,True,False,True,False,False,3,False,False,True,False,2,True,False,False,True,False,False,False,False,False,True,False,False,False,True,False,False,False,False,False,False,4,True,False,False,False,False,True,False
26,False,False,True,False,1925,False,False,True,False,False,24,False,False,True,False,False,1,True,False,False,True,False,2,False,False,True,False,1,True,False,False,False,False,True,True,False,False,False,False,False,False,True,False,False,False,False,False,False,2,True,False,False,False,False,True,False
39,True,False,False,False,2122,False,False,False,False,True,12,False,False,True,False,False,2,False,True,True,False,False,3,False,True,False,False,2,True,False,False,False,False,True,True,False,False,False,True,False,False,False,False,False,False,False,False,False,2,True,False,False,False,False,True,False
38,False,True,False,False,754,False,False,True,False,False,12,False,False,False,False,True,2,True,False,False,True,False,4,False,False,True,False,1,True,False,False,False,False,True,False,True,False,False,False,False,False,False,False,False,False,False,True,False,4,False,False,False,False,True,True,False
28,True,False,False,False,4169,False,False,True,False,False,24,False,False,True,False,False,1,True,False,False,True,False,4,False,False,True,False,1,True,False,False,False,False,True,False,True,False,False,False,False,False,True,False,False,False,False,False,False,4,True,False,False,False,False,True,False
26,True,False,False,False,1382,False,False,False,False,True,24,False,False,False,True,False,2,True,False,False,True,False,4,False,False,True,False,1,True,False,False,False,False,True,True,False,False,False,False,False,False,False,False,False,False,False,False,True,1,False,True,False,False,False,False,True
23,False,False,False,True,2146,False,False,False,False,True,10,False,True,False,False,False,2,True,False,True,False,False,1,False,False,True,False,1,True,False,False,False,False,True,True,False,False,False,False,False,False,True,False,False,False,False,False,False,3,True,False,False,False,False,True,False
27,True,False,False,False,1053,False,False,True,False,False,15,False,True,False,False,False,1,False,True,False,True,False,4,False,False,True,False,1,True,False,False,False,False,True,True,False,False,False,False,False,False,False,True,False,False,False,False,False,2,True,False,False,False,False,True,False
30,False,False,False,True,11054,False,False,False,False,True,36,False,False,True,False,False,1,True,False,False,True,False,4,False,False,False,True,1,True,False,False,False,False,True,False,False,True,False,False,True,False,False,False,False,False,False,False,False,2,False,False,False,False,True,False,True
29,True,False,False,False,3499,False,False,False,False,True,12,False,False,True,False,False,2,True,False,False,True,False,3,False,False,True,False,1,False,True,False,False,False,True,True,False,False,False,True,False,False,False,False,False,False,False,False,False,2,True,False,False,False,False,True,False
37,True,False,False,False,7685,False,True,False,False,False,48,False,False,False,True,False,1,True,False,True,False,False,2,False,False,True,False,1,False,False,True,False,False,True,False,False,True,False,False,False,False,False,False,False,False,False,False,True,4,True,False,False,False,False,True,False
23,True,False,False,False,1498,False,False,True,False,False,12,False,False,True,False,False,1,True,False,False,True,False,4,False,False,True,False,1,True,False,False,True,False,False,False,False,True,False,False,False,False,False,True,False,False,False,False,False,1,True,False,False,False,False,True,False
24,False,True,False,False,2030,False,False,True,False,False,9,False,False,False,True,False,1,True,False,False,True,False,2,False,False,True,False,1,True,False,False,False,False,True,False,False,True,False,False,False,False,True,False,False,False,False,False,False,1,False,False,False,False,True,False,True
34,False,True,False,False,2415,False,False,True,False,False,7,False,False,True,False,False,1,True,False,False,True,False,3,False,False,True,False,1,False,False,True,False,False,True,True,False,False,False,False,False,False,False,True,False,False,False,False,False,2,True,False,False,False,False,True,False
39,False,False,False,True,1884,False,False,True,False,False,12,False,False,False,False,True,1,True,False,False,True,False,4,False,False,False,True,1,True,False,False,False,False,True,False,False,True,False,True,False,False,False,False,False,False,False,False,False,4,True,False,False,False,False,False,True
28,False,True,False,False,1887,False,False,False,False,True,18,False,False,True,False,False,2,True,False,False,True,False,4,False,False,True,False,1,True,False,False,True,False,False,True,False,False,False,False,False,False,False,False,False,False,False,False,True,4,False,False,False,False,True,True,False
63,False,False,False,True,7596,False,False,False,False,True,30,False,False,False,False,True,2,True,False,False,True,False,1,False,False,True,False,1,True,False,False,False,False,True,False,False,True,False,False,True,False,False,False,False,False,False,False,False,4,False,False,False,False,True,True,False
25,False,False,True,False,5152,False,False,True,False,False,24,False,False,False,True,False,1,True,False,False,True,False,4,False,False,True,False,1,True,False,False,True,False,False,False,False,True,False,False,False,False,False,True,False,False,False,False,False,2,True,False,False,False,False,True,False
62,False,False,False,True,3757,False,False,True,False,False,24,False,False,False,False,True,1,True,False,False,False,True,4,False,False,True,False,1,False,True,False,False,False,True,False,False,False,True,True,False,False,False,False,False,False,False,False,False,4,True,False,False,False,False,False,True
51,True,False,False,False,7511,False,False,True,False,False,18,False,False,False,False,True,1,True,False,False,False,True,1,False,False,True,False,2,True,False,False,False,False,True,False,True,False,False,False,True,False,False,False,False,False,False,False,False,4,False,False,False,False,True,False,True
37,False,False,False,True,1402,False,False,False,False,True,12,False,False,False,True,False,1,True,False,True,False,False,3,False,False,True,False,1,True,False,False,False,False,True,False,False,True,False,False,False,False,True,False,False,False,False,False,False,4,False,False,True,False,False,False,True
27,False,True,False,False,3652,False,False,False,False,True,21,False,False,False,True,False,2,True,False,False,True,False,2,False,False,True,False,1,True,False,False,False,False,True,False,True,False,False,False,False,False,False,False,False,False,False,False,True,3,True,False,False,False,False,True,False
24,True,False,False,False,3190,False,False,True,False,False,18,False,False,True,False,False,1,True,False,False,True,False,2,False,False,True,False,1,True,False,False,False,False,True,True,False,False,False,False,False,False,False,True,False,False,False,False,False,2,True,False,False,False,False,True,False
